Date,Time,Game ID,Custom Game ID,Partner,Sport,Level,Home Team,Away Team,Site,Subsite,BillTo
05/05/2024,10:30,14353239,,GotSport,Soccer,U-9,TBAA REVOLUTION 2015,MOORESTOWN SC VIPERS 2015,MOORESTOWN - MEMORIAL FIELDS,,
05/05/2024,10:45,14353814,,GotSport,Soccer,U-12,AUDUBON SOCCER YOUTH BALLERS 2012,EGG HARBOR SC EAGLES BLACK 2012,EGG HARBOR - BARGAINTOWN,,
05/05/2024,11:00,15777145,,GotSport,Soccer,U-18,HADDON HEIGHTS SC 2009 GARNETS,NORTHERN BURLINGTON SA BLUE LEGENDS 2007,HADD HGTS - DEVON,,
05/05/2024,11:00,14354176,,GotSport,Soccer,U-17,MAINLAND UNITED SA H.S. BOYS UNITED 2007,HARRISON SC AVENGERS 2007,MAINLAND-Atlantic Christian School,,
05/05/2024,11:00,14354494,,GotSport,Soccer,U-15,FRANKLIN TOWNSHIP YOUTH SOCCER ASSOCIATION STRIKERS 2009,SJ FUTBOL CLUB RAPIDS 2009,FRANKLIN TWP YOUTH COMPLEX,,
05/05/2024,11:00,14354611,,GotSport,Soccer,U-14,VOORHEES SA THUNDER 2010,TBAA DYNAMO 2010,VOORHEES-EASTERN HS,,
05/05/2024,11:00,14354103,,GotSport,Soccer,U-15,BURLINGTON TOWNSHIP SOCCER FUSION 2009,PENNSAUKEN YOUTH SOCCER CLUB STORM 2009,BURLINGTON TWP - PINEWALD AVE,,
05/05/2024,11:00,14355132,,GotSport,Soccer,U-10,AUDUBON ATTACK - BOYS 2014,MANTUA TOWNSHIP SA OUTLAWS 2014,MANTUA TWP,,
05/05/2024,11:00,14354099,,GotSport,Soccer,U-15,CINNAMINSON SC PIRATES 2009,MARLTON SC CHIEFS ORANGE 2009,CINNAMINSON SC - MEMORIAL,,
05/05/2024,12:00,14353771,,GotSport,Soccer,U-10,EGG HARBOR SC EAGLES 2014 BLACK,WASHINGTON UNITED SOCCER CLUB WUSC 2014,EGG HARBOR - BARGAINTOWN,,
05/05/2024,12:00,14353751,,GotSport,Soccer,U-13,CAPE EXPRESS SURGE 2011,HADDONFIELD SC RED 2011,CAPE EX SOCCER COMPLEX At Ockie Wisting,,
05/05/2024,12:00,14354496,,GotSport,Soccer,U-15,HADDONFIELD SC RED 2009,DEPTFORD REBELS 2009,HADDONFIELD - CROWS WOODS,,
05/05/2024,12:00,14353949,,GotSport,Soccer,U-14,BURLINGTON COUNTY SOCCER ACADEMY DEL-SIDE SC 2010B,RANCOCAS VALLEY SC BOYS 2010 CELTIC,BURLINGTON COUNTY SA - Delanco Field of Dreams,,
05/05/2024,12:00,14354554,,GotSport,Soccer,U-10,SWEDESBORO WOOLWICH SOCCER ASSOC. SWSA LIGHTNING 2014,PITMAN SA BENGALS 2014,SW-High Hill West Park,,
05/05/2024,12:00,14354558,,GotSport,Soccer,U-10,UPPER TOWNSHIP SA HURRICANES WHITE 2014,HIGHLAND YOUTH SOCCER CLUB THUNDER 2014,UPPER TWP-Amanda's Field Complex,,
05/05/2024,12:00,14353409,,GotSport,Soccer,U-9,HADDONFIELD SC BLACK 2015 B,CINNAMINSON SC RED DEVILS 2015,HADDONFIELD - CROWS WOODS,,
05/05/2024,12:00,14353301,,GotSport,Soccer,U-13,WINSLOW WILDCATS 2011,LOGAN BLAZE 2011,WINSLOW TWP - PETER VOLPA,,
05/05/2024,12:00,14354711,,GotSport,Soccer,U-9,MEDFORD SC GOLD 2015,CINNAMINSON SC PIRATES SEA DOGS 2015,MEDFORD - BENDE PARK,,
05/05/2024,12:00,14354720,,GotSport,Soccer,U-9,PITTSGROVE SOCCER CLUB PSC GALAXY '15,MILLVILLE WARRIORS 2015,PITTSGROVE-GREEN BRANCH,,
05/05/2024,12:00,14354786,,GotSport,Soccer,U-13,MONROE TOWNSHIP YS UNITED BOYS 2011 BLUE,WEST DEPTFORD SC WOLFPACK 2011,MONROE TWP - CORKERY LANE,,
05/05/2024,12:00,14354811,,GotSport,Soccer,U-11,WOODSTOWN WOLVERINES 2013,PENNS GROVE WILD 2013,WOODSTOWN,,
05/05/2024,12:00,14353073,,GotSport,Soccer,U-11,MARLTON SC CHIEFS SILVER 2013,MOUNT LAUREL UNITED (MLU) TIGERS 2013,MARLTON - MEMORIAL,,
05/05/2024,12:00,14354991,,GotSport,Soccer,U-13,MOORESTOWN SC LIGHTNING 2011,RANCOCAS VALLEY SC BOYS 2011 UNITED,MOORESTOWN - MEMORIAL FIELDS,,
05/05/2024,12:00,14352883,,GotSport,Soccer,U-11,MONROE TOWNSHIP YS UNITED BOYS 2013 BLUE,PENNSAUKEN YOUTH SOCCER CLUB REBELS 2013,MONROE TWP - CORKERY LANE,,
05/05/2024,12:00,14352857,,GotSport,Soccer,U-11,HADDONFIELD SC RED 2013,VINELAND SA UNITED 2013,HADDONFIELD - CROWS WOODS,,
05/05/2024,12:00,14355063,,GotSport,Soccer,U-10,DEPTFORD UNITED 2014,CHERRY HILL SC CHERRY HILL SC FORCE 2014,DEPTFORD SC,,
05/05/2024,12:00,14352781,,GotSport,Soccer,U-15,HAMMONTON YSA HAMMONTON HEAT 2009,NORTHERN BURLINGTON SA BULLDOGS 2009,HAMMONTON - MOSS MILL RD PARK SOCCER COMPLEX,,
05/05/2024,12:00,14355100,,GotSport,Soccer,U-10,CINNAMINSON SC AVENGERS 2014,SENECA UNITED SC 2014 THUNDER,CINNAMINSON SC - MEMORIAL,,
05/05/2024,12:00,14355138,,GotSport,Soccer,U-10,HADDON TWP WHITE HAWKS 2014,EAST GREENWICH SA EGSA EAGLES 2014,HADDON TWP - CRYSTAL LAKE,,
05/05/2024,12:00,14354124,,GotSport,Soccer,U-13,BORDENTOWN FC JAGUARS 2011,MANTUA TOWNSHIP SA UNION 2011,BORDENTOWN - FRIENDSHIP FIELDS,,
05/05/2024,12:00,14354219,,GotSport,Soccer,U-12,BURLINGTON TOWNSHIP SOCCER KNIGHTHAWKS 2012,MAINLAND UNITED SA STANGS 2012,BURLINGTON TWP - PINEWALD AVE,,
05/05/2024,12:00,14353884,,GotSport,Soccer,U-9,CLAYTON SA 2015 CLIPPERS,LOGAN BRIGADE 2015,CLAYTON - BENTZ,,
05/05/2024,12:00,14354255,,GotSport,Soccer,U-12,WINSLOW DYNAMO 2012,LOGAN FORCE 2012,WINSLOW TWP - PETER VOLPA,,
05/05/2024,12:00,14353816,,GotSport,Soccer,U-10,RANCOCAS VALLEY SC '14 - CELTIC,MEDFORD SC CAROLINA 2014,Rancocas Valley-LUMBERTON MUNICIPAL,,
05/05/2024,12:00,14354296,,GotSport,Soccer,U-11,CHERRY HILL SC CHERRY HILL SC UNITED 2014,FRANKLIN TOWNSHIP YOUTH SOCCER ASSOCIATION ENFORCERS 2013,CHSC - UPPER CHAPEL TURF,,
05/05/2024,12:00,14353786,,GotSport,Soccer,U-12,WASHINGTON TWP SOCCER CLUB PREDATORS 2012,MOUNT LAUREL UNITED (MLU) IMPACT 2012,WASHINGTON TWP-WASH LAKE PARK,,
05/05/2024,12:00,14354312,,GotSport,Soccer,U-11,CHERRY HILL FC 2014 RED - HAWKS,MAINLAND UNITED SA MUSTANGS 2013 B,CHFC - DeCOU,,
05/05/2024,12:15,14354874,,GotSport,Soccer,U-9,AUDUBON U9 BOYS 2015,SWEDESBORO WOOLWICH SOCCER ASSOC. SWSA GUNNERS 2015,AUDUBON PARK FIELD,,
05/05/2024,12:30,14352709,,GotSport,Soccer,U-8,MOUNT LAUREL UNITED (MLU) REVOLUTION 2016,TBAA KNIGHTS 2016,MLU-TROTTERS,,
05/05/2024,12:30,14354530,,GotSport,Soccer,U-14,ATLANTIC UNITED PREMIER STRIKERS 2010/11 B,UPPER TOWNSHIP SA RIPTIDE 2010,ATLANTIC - TARTAGLIO,,
05/05/2024,12:30,14353208,,GotSport,Soccer,U-13,VINELAND SA STRIKERS 2011,CHERRY HILL SC CHERRY HILL SC FUSION (2011) - BOYS,VINELAND SA,,
05/05/2024,12:30,14353011,,GotSport,Soccer,U-12,TAR-KILL SOCCER CLUB TARKILL LIVERPOOL 2012,MARLTON SC CHIEFS WHITE 2012,TARKILL-STERLING HS,,
05/05/2024,12:30,14352664,,GotSport,Soccer,U-11,RANCOCAS VALLEY SC MESSI 2013,WASHINGTON UNITED SOCCER CLUB WUSC 2013,Rancocas Valley-LUMBERTON MUNICIPAL,,
05/05/2024,12:30,14354913,,GotSport,Soccer,U-15,HARRISON SC BLUE DEVILS 2009,MEDFORD SC GOLD 2009,HARRISON - William Wilt Soccer Complex,,
05/05/2024,12:30,14352649,,GotSport,Soccer,U-11,EGG HARBOR SC EAGLES WHITE 2013,CAPE EXPRESS AVENGERS 2013,EGG HARBOR - BARGAINTOWN,,
05/05/2024,12:30,14355072,,GotSport,Soccer,U-10,WASHINGTON TWP SOCCER CLUB RED 2014,MONROE TOWNSHIP YS UNITED BOYS 2014 BLUE,WASHINGTON TWP. - Levy Fields (Virtua),,
05/05/2024,12:30,14353197,,GotSport,Soccer,U-13,MOUNT LAUREL UNITED (MLU) WARRIORS 2011,GATEWAY UNITED SOCCER CLUB WILDCATS 2011,MLU-TROTTERS,,
05/05/2024,12:30,14354673,,GotSport,Soccer,U-14,AUDUBON SOCCER YOUTH UNITED 2010,HARRISON SC STORM 2010,TBA,,
05/05/2024,12:30,14354784,,GotSport,Soccer,U-13,BURLINGTON TOWNSHIP SOCCER REBELS 2011,HAMMONTON YSA HAMMONTON HEAT 2011,BURLINGTON TWP - PINEWALD AVE,,
05/05/2024,12:30,14354792,,GotSport,Soccer,U-13,CHERRY HILL SC ROYALS 2012,MEDFORD SC COLUMBIA 2011,CHSC - CH WEST HS,,
05/05/2024,12:30,14352793,,GotSport,Soccer,U-15,CINNAMINSON SC WILDCATS 2009,DEPTFORD AVENGERS 2009,CINNAMINSON SC - MEMORIAL,,
05/05/2024,12:30,14353169,,GotSport,Soccer,U-12,PITTSGROVE SOCCER CLUB PSC SPURS '12,DELRAN FC FLASH 2012,PITTSGROVE-GREEN BRANCH,,
05/05/2024,12:30,14352802,,GotSport,Soccer,U-13,VOORHEES SA ATTACK 2011,CHERRY HILL FC AVENGERS 2011,VOORHEES-EASTERN HS,,
05/05/2024,12:30,14353952,,GotSport,Soccer,U-14,HIGHLAND YOUTH SOCCER CLUB RAPTORS 2010,BERLIN SOCCER CLUB BRAWLERS 2010,HIGHLAND - GLOUCESTER TWP PARK,,
05/05/2024,12:30,14353942,,GotSport,Soccer,U-14,COLLINGSWOOD OAKLYN SOCCER CLUB GALAXY 2010,SENECA UNITED SC 2010 SCREAMING EAGLES,COLLINGSWOOD - CAMDEN ATHLETIC FACILITY,,
05/05/2024,12:30,14354203,,GotSport,Soccer,U-19,BORDENTOWN FC 2005,MEDFORD SC ARSENAL 2005,BORDENTOWN - FRIENDSHIP FIELDS,,
05/05/2024,12:30,14353349,,GotSport,Soccer,U-9,PALMYRA RIVERTON SC NATIONALS 2015,MEDFORD SC WHITE 2015,TBA,,
05/05/2024,12:30,14352833,,GotSport,Soccer,U-9,MANTUA TOWNSHIP SA FROGS 2015,MEDFORD SC COLUMBIA 2015,MANTUA TWP,,
05/05/2024,12:30,14353654,,GotSport,Soccer,U-8,DELRAN FC SOCCER 2016 SHARKS,HADDONFIELD SC REBELS 2016 B,DELRAN-DEUTSCH FIELD,,
05/05/2024,12:30,14353141,,GotSport,Soccer,U-11,MEDFORD STRIKERS 2013 BOYS,MOUNT LAUREL UNITED (MLU) COMETS 2013,MEDFORD STRIKERS - ARK ROAD COMPLEX,,
05/05/2024,12:30,14353320,,GotSport,Soccer,U-14,WEST DEPTFORD SC HORNETS 2010,EAST GREENWICH SA EGSA BLAZE 2010,W DEPTFORD-WD PARK,,
05/05/2024,12:30,14354230,,GotSport,Soccer,U-12,GATEWAY UNITED SOCCER CLUB STINGRAYS 2012,HARRISON SC STRIKERS 2012,GATEWAY UTD. - WESTVILLE,,
05/05/2024,12:30,14353524,,GotSport,Soccer,U-8,WEST DEPTFORD SC TSUNAMI 2016,LOGAN APOLLO 2016,W DEPTFORD-WD PARK,,
05/05/2024,12:30,14355107,,GotSport,Soccer,U-10,GATEWAY UNITED SOCCER CLUB GREYHOUNDS 2014,COLLINGSWOOD OAKLYN SOCCER CLUB VENOM COSC 2014,GATEWAY UTD. - LANGSTON FIELD,,
05/05/2024,12:30,14354062,,GotSport,Soccer,U-16,MEDFORD SC WHITE 2008,HIGHLAND YOUTH SOCCER CLUB FUSION 2008,MEDFORD - BENDE PARK,,
05/05/2024,12:30,14352900,,GotSport,Soccer,U-14,MARLTON SC CHIEFS WHITE 2010,MOUNT LAUREL UNITED (MLU) FORCE 2010,MARLTON - MEMORIAL,,
05/05/2024,12:30,14353833,,GotSport,Soccer,U-10,PENNSAUKEN YOUTH SOCCER CLUB AVENGERS 2014,MOUNT LAUREL UNITED (MLU) MLU THUNDER,Pennsauken Community Recreation Facility,,
05/05/2024,12:30,14353417,,GotSport,Soccer,U-9,NORTHERN BURLINGTON JACKALS BLUE 2015,DELRAN FC COBRAS 2015,NB Georgetown Park,,
05/05/2024,12:30,14352929,,GotSport,Soccer,U-11,MAINLAND UNITED SA MUSTANGS 2014 B,MARLTON SC CHIEFS WHITE 2013,MAINLAND - MEMORIAL PARK,,
05/05/2024,12:30,14353435,,GotSport,Soccer,U-12,EAST GREENWICH SA EGSA VENOM,RANCOCAS VALLEY SC BOYS 2012 - AVENGERS,E GREENWICH - THOMPSON FAMILY PARK,,
05/05/2024,12:30,14354331,,GotSport,Soccer,U-9,MAINLAND UNITED SA BRONCOS 2015,SENECA UNITED SC 2015 RAPTORS,MAINLAND - MEMORIAL PARK,,
05/05/2024,12:30,14354096,,GotSport,Soccer,U-15,LOGAN REBELS 2009,PITMAN SA LIONS 2009,LOGAN - TWP LINE,,
05/05/2024,12:30,14352963,,GotSport,Soccer,U-11,HADDON HEIGHTS SC 2013 YOUNG BOYS,HARRISON SC LIGHTNING 2013,HADD HGTS - DEVON,,
05/05/2024,12:30,14353364,,GotSport,Soccer,U-9,WASHINGTON TWP SOCCER CLUB RAPTORS 2015,HADDON TWP RED HAWKS 2015,WASHINGTON TWP. - Levy Fields (Virtua),,
05/05/2024,12:30,14354950,,GotSport,Soccer,U-9,MILLVILLE PREDATORS 2015,VOORHEES SA PYTHONS 2015,MILLVILLE SOCCER COMPLEX,,
05/05/2024,12:30,14352985,,GotSport,Soccer,U-8,CHERRY HILL SC CHERRY HILL SC THUNDER (2016) - BOYS,DELRAN FC UNION 2016,CHSC - UPPER CHAPEL TURF,,
05/05/2024,12:30,14353139,,GotSport,Soccer,U-11,NORTHERN BURLINGTON SA GUNNERS 2013,DELRAN FC SOCCER DELRAN FC 2013 UNITED,NB Georgetown Park,,
05/05/2024,12:30,14355178,,GotSport,Soccer,U-15,COHANSEY SC STORM 2009,CHERRY HILL SC FORCE 2009,Cohansey - Cumberland County Tech School,,
05/05/2024,12:40,14354519,,GotSport,Soccer,U-14,FRANKLIN TOWNSHIP YOUTH SOCCER ASSOCIATION STORM 2010,WINSLOW SLAYERS 2010,FRANKLIN TWP YOUTH COMPLEX,,
05/05/2024,12:40,14352901,,GotSport,Soccer,U-14,MAINLAND UNITED SA SHARKS 2010,WASHINGTON TWP SOCCER CLUB RENEGADES 2010,MAINLAND-Atlantic Christian School,,
05/05/2024,13:00,14353348,,GotSport,Soccer,U-9,TAR-KILL SOCCER CLUB TARKILL 2015 BLUE,MOORESTOWN SC MANTA RAYS 2015,TARKILL-STERLING HS,,
05/05/2024,13:00,14352583,,GotSport,Soccer,U-10,TBAA REVOLUTION 2014,WATERFORD ATHLETIC ASSN WINGS 2014,TBAA-VALLEY BROOK,,
05/05/2024,13:15,14354476,,GotSport,Soccer,U-9,HADDONFIELD SC RED 2015 B,VOORHEES SA COBRAS 2015,HADDONFIELD - CROWS WOODS,,
05/05/2024,13:15,14352974,,GotSport,Soccer,U-11,MARLTON SC CHIEFS ORANGE 2014,MONROE TOWNSHIP YS UNITED 2013,MARLTON - MEMORIAL,,
05/05/2024,13:15,14354864,,GotSport,Soccer,U-9,CHERRY HILL FC 2015/2016 CHFC JUNIOR WHITE,MOUNT LAUREL UNITED (MLU) SHARKS 2015,CHFC - DeCOU,,
05/05/2024,13:15,14354847,,GotSport,Soccer,U-12,HADDONFIELD SC WHITE 2012,HIGHLAND YOUTH SOCCER CLUB MUSTANGS 2012,HADDONFIELD - CROWS WOODS,,
05/05/2024,13:15,14354120,,GotSport,Soccer,U-13,DEPTFORD TORNADOES 2011,EGG HARBOR SC EAGLES WHITE 2012,DEPTFORD SC,,
05/05/2024,13:15,14352988,,GotSport,Soccer,U-8,CINNAMINSON SC VIPERS 2016,HARRISON BLUE SNAKES 2016,CINNAMINSON SC - MEMORIAL,,
05/05/2024,13:15,14354272,,GotSport,Soccer,U-12,WINSLOW GREEN DRAGONS 2012,CINNAMINSON SC SKULLS 2012,WINSLOW TWP - PETER VOLPA,,
05/05/2024,13:15,14354744,,GotSport,Soccer,U-10,MEDFORD SC GOLD 2014,MARLTON SC CHIEFS BLACK 2014,MEDFORD - BENDE PARK,,
05/05/2024,13:15,14355153,,GotSport,Soccer,U-10,WOODSTOWN WOLFPACK 2014,HADDONFIELD SC WHITE 2014 B,WOODSTOWN,,
05/05/2024,13:15,14353773,,GotSport,Soccer,U-10,MONROE TOWNSHIP YS UNITED 2014,EAST GREENWICH SA EGSA TITANS 2014,MONROE TWP - CORKERY LANE,,
05/05/2024,13:15,14352769,,GotSport,Soccer,U-10,RANCOCAS VALLEY SC '14 - FOREST,MOORESTOWN SC WOLVERINES 2014,Rancocas Valley-LUMBERTON MUNICIPAL,,
05/05/2024,13:15,14353872,,GotSport,Soccer,U-9,HADDON TWP WHITE HAWKS 2015,SWEDESBORO WOOLWICH SOCCER ASSOC. SWSA STRIKERS 2015,HADDON TWP - CRYSTAL LAKE,,
05/05/2024,13:15,14352604,,GotSport,Soccer,U-8,SWEDESBORO WOOLWICH SOCCER ASSOC. SWSA VENOM 2016,MOORESTOWN SC THUNDER STRIKERS 2016,SW-High Hill West Park,,
05/05/2024,13:15,14352874,,GotSport,Soccer,U-11,CHERRY HILL SC THUNDER 2013,MEDFORD SC BLUE DEVILS 2013,CHSC - UPPER CHAPEL TURF,,
05/05/2024,13:15,14354277,,GotSport,Soccer,U-12,WASHINGTON TWP SOCCER CLUB LIGHTNING 2012,SWEDESBORO WOOLWICH SOCCER ASSOC. SWSA CYCLONES 2012/2013,WASHINGTON TWP-WASH LAKE PARK,,
05/05/2024,13:15,14352719,,GotSport,Soccer,U-9,EGG HARBOR SC EAGLES 2015,CAPE EXPRESS CE SILVER STREAK 2015,EGG HARBOR - BARGAINTOWN,,
05/05/2024,13:15,14353920,,GotSport,Soccer,U-12,CLAYTON SA 2012 CLIPPERS,CHERRY HILL FC 2012 JUNIORS BLACK,CLAYTON - BENTZ,,
05/05/2024,13:15,14354761,,GotSport,Soccer,U-10,PITTSGROVE SOCCER CLUB PSC MAVERICKS '14,EGG HARBOR SC EAGLES 2014 WHITE,PITTSGROVE-GREEN BRANCH,,
05/05/2024,13:15,14354340,,GotSport,Soccer,U-9,UPPER TOWNSHIP SA COMETS 2015,DEPTFORD THUNDER 2015,UPPER TWP-Amanda's Field Complex,,
05/05/2024,13:15,14353110,,GotSport,Soccer,U-11,BURLINGTON TOWNSHIP SOCCER STRIKERS 2013,VOORHEES SA RAPTORS 2013,BURLINGTON TWP - PINEWALD AVE,,
05/05/2024,13:30,14354031,,GotSport,Soccer,U-16,MONROE TOWNSHIP YS UNITED BLUE 2008,WASHINGTON TWP SOCCER CLUB GLADIATORS 2008,MONROE TWP - CORKERY LANE,,
05/05/2024,13:30,14352744,,GotSport,Soccer,U-9,AUDUBON SOCCER YOUTH BOYS 2015 - HAMMERS,UPPER TOWNSHIP SA SUPER SONICS 2015,AUDUBON PARK FIELD,,
05/05/2024,13:30,14353160,,GotSport,Soccer,U-12,CAPE EXPRESS WHITE CAPS 2012,HADDONFIELD SC RED 2012,CAPE EX SOCCER COMPLEX At Ockie Wisting,,
05/05/2024,13:30,14354362,,GotSport,Soccer,U-10,MOORESTOWN SC GUARDIANS 2014,BURLINGTON TOWNSHIP SOCCER DYNAMITE 2014,MOORESTOWN - MEMORIAL FIELDS,,
05/05/2024,13:30,14354418,,GotSport,Soccer,U-13,BORDENTOWN FC RENEGADES 2011,DEPTFORD BLAZE 2011,BORDENTOWN - FRIENDSHIP FIELDS,,
05/05/2024,13:35,14354904,,GotSport,Soccer,U-15,WINSLOW VIPERS 2009,UPPER TOWNSHIP SA AVALANCHE 2009,WINSLOW TWP - PETER VOLPA,,
05/05/2024,13:45,14354629,,GotSport,Soccer,U-14,HADDONFIELD SC WHITE 2010,WASHINGTON TWP SOCCER CLUB REVOLUTION 2010,HADDONFIELD - CROWS WOODS,,
05/05/2024,14:00,14354593,,GotSport,Soccer,U-11,MAINLAND UNITED STALLIONS 2014 B,COLLINGSWOOD OAKLYN SOCCER CLUB ROVERS 2013,MAINLAND - MEMORIAL PARK,,
05/05/2024,14:00,14352914,,GotSport,Soccer,U-14,CHERRY HILL SC THUNDERBOLTS 2010,CAPE EXPRESS CE 2010 BLUE CRUSH,CHSC - CH WEST HS,,
05/05/2024,14:00,14353281,,GotSport,Soccer,U-13,PITTSGROVE SOCCER CLUB PSC WARRIORS '12,EAST GREENWICH SA EGSA FURY 2011,PITTSGROVE-GREEN BRANCH,,
05/05/2024,14:00,14354697,,GotSport,Soccer,U-11,PALMYRA RIVERTON SC HURRICANES 2013,MAPLE SHADE FORCE 2013,TBA,,
05/05/2024,14:00,14354696,,GotSport,Soccer,U-11,BARRINGTON SC REVOLUTION 2013,HADDON HEIGHTS SC 2013 BEAST BOYS,TBA,,
05/05/2024,14:00,14353280,,GotSport,Soccer,U-13,VOORHEES SA BLUES 2011,NORTHERN BURLINGTON SA HOOLIGANS 2011,NB- MANSFIELD TOWNSHIP ELEMENTARY SCHOOL,,
05/05/2024,14:00,14354052,,GotSport,Soccer,U-16,BURLINGTON TOWNSHIP SOCCER BULLS 2008,HIGHLAND YOUTH SOCCER CLUB GALAXY 2008,BURLINGTON TWP - PINEWALD AVE,,
05/05/2024,14:00,14352691,,GotSport,Soccer,U-11,RANCOCAS VALLEY SC RONALDO 2013,CINNAMINSON SC STRIKERS 2013,Rancocas Valley-LUMBERTON MUNICIPAL,,
05/05/2024,14:00,14354045,,GotSport,Soccer,U-16,MANTUA TOWNSHIP SA STRIKERS 2009,SWEDESBORO WOOLWICH SOCCER ASSOC. SWSA SCORPIONS 2008,MANTUA TWP,,
05/05/2024,14:00,14354164,,GotSport,Soccer,U-12,SENECA UNITED SC 2012 PRIDE,CHERRY HILL SC CHERRY HILL SC BULL DOGS 2012,SENECA - STONEY CREEK FIELDS,,
05/05/2024,14:00,14354002,,GotSport,Soccer,U-9,HADDON HEIGHTS SC 2015 CHEETAHS,MARLTON SC CHIEFS WHITE 2015,HADD HGTS - DEVON,,
05/05/2024,14:00,14353975,,GotSport,Soccer,U-15,TBAA STORM 2009,VOORHEES SA AMBUSH 2009,TBAA-VALLEY BROOK,,
05/05/2024,14:00,14353970,,GotSport,Soccer,U-15,MILLVILLE RAPTORS 2009,EAST GREENWICH SA EGSA THUNDER 2009,MILLVILLE SOCCER COMPLEX,,
05/05/2024,14:00,14352812,,GotSport,Soccer,U-13,CINNAMINSON SC VIPERS 2011,SWEDESBORO WOOLWICH SOCCER ASSOC. SWSA BLACK MAMBAS 2011,CINNAMINSON SC - MEMORIAL,,
05/05/2024,14:00,14355044,,GotSport,Soccer,U-11,LOGAN CHARGE 2013,PITMAN SA TOMCATS 2013,LOGAN - TWP LINE,,
05/05/2024,14:00,14352854,,GotSport,Soccer,U-9,HARRISON BLUE REBELS 2015,MONROE TOWNSHIP YS 2015 UNITED BLUE,HARRISON - William Wilt Soccer Complex,,
05/05/2024,14:00,14353874,,GotSport,Soccer,U-9,WASHINGTON UNITED 2015 BOYS,MOUNT LAUREL UNITED (MLU) MLU KNIGHTS 2015 BOYS,WASHINGTON TWP. - Levy Fields (Virtua),,
05/05/2024,14:00,14355017,,GotSport,Soccer,U-13,HARRISON SC ARSENAL 2011,WOODSTOWN FURY 2011,HARRISON - William Wilt Soccer Complex,,
05/05/2024,14:00,14354982,,GotSport,Soccer,U-13,PALMYRA RIVERTON SC WARRIORS 2011,MANTUA TOWNSHIP SA FURY 2012,PAL-RIV - LEGION FIELD,,
05/05/2024,14:00,14353466,,GotSport,Soccer,U-9,NORTHERN BURLINGTON JACKALS WHITE 2015,MOORESTOWN SC HORNETS 2015,NB Georgetown Park,,
05/05/2024,14:00,14355121,,GotSport,Soccer,U-10,HAMMONTON HEAT 2014,HARRISON WAVE 2014,HAMMONTON - MOSS MILL RD PARK SOCCER COMPLEX,,
05/05/2024,14:00,14354951,,GotSport,Soccer,U-9,VINELAND AVENGERS 2015,PITMAN SA WILDCATS 2015,VINELAND SA,,
05/05/2024,14:00,14352965,,GotSport,Soccer,U-11,PITTSGROVE SOCCER CLUB PSC REVOLUTION '13,MOORESTOWN SC GOLDEN EAGLES 2013,PITTSGROVE-GREEN BRANCH,,
05/05/2024,14:00,14354332,,GotSport,Soccer,U-9,MOUNT LAUREL UNITED (MLU) MLU WOLFPACK 2015,HAMMONTON HEAT 2015,MLU-TROTTERS,,
05/05/2024,14:00,14353729,,GotSport,Soccer,U-13,EGG HARBOR SC EAGLES BLACK 2011,MOUNT LAUREL UNITED (MLU) FLASH 2011,EGG HARBOR - BARGAINTOWN,,
05/05/2024,14:00,14354375,,GotSport,Soccer,U-10,DELRAN FC HAWKS 2014,VOORHEES SA LIGHTNING 2014,DELRAN-DEUTSCH FIELD,,
05/05/2024,14:00,14354393,,GotSport,Soccer,U-11,GATEWAY UNITED SOCCER CLUB SHARKS 2013,VOORHEES COSMOS 2013,GATEWAY UTD. - WESTVILLE,,
05/05/2024,14:00,14353040,,GotSport,Soccer,U-10,CHERRY HILL SC CHERRY HILL SC UNION 2015,DELRAN FC SOCCER DELRAN FC KNIGHTS,CHSC - UPPER CHAPEL TURF,,
05/05/2024,14:00,14353044,,GotSport,Soccer,U-10,ATLANTIC UNITED PREMIER KICKERS 2014 B,CINNAMINSON SC CHARGERS 2014,ATLANTIC - TARTAGLIO,,
05/05/2024,14:00,14353690,,GotSport,Soccer,U-8,WASHINGTON UNITED BOYS 2016,VOORHEES SA VENGEANCE 2016,WASHINGTON TWP. - Levy Fields (Virtua),,
05/05/2024,14:00,14353066,,GotSport,Soccer,U-11,HIGHLAND YOUTH SOCCER CLUB CHAOS 2013,BERLIN SOCCER CLUB BULLDOGS 2013,HIGHLAND - GLOUCESTER TWP PARK,,
05/05/2024,14:00,14353642,,GotSport,Soccer,U-8,WEST DEPTFORD SC WILDCATS 2016,CINNAMINSON SC TITANS 2016,W DEPTFORD-WD PARK,,
05/05/2024,14:00,14354471,,GotSport,Soccer,U-9,MEDFORD STRIKERS 2015 BOYS,HIGHLAND YOUTH SOCCER CLUB FIRE 2015,MEDFORD STRIKERS - ARK ROAD COMPLEX,,
05/05/2024,14:00,14353101,,GotSport,Soccer,U-11,EAST GREENWICH SA EGSA DYNAMO 2013,MEDFORD SC MAYHEM 2013,E GREENWICH - THOMPSON FAMILY PARK,,
05/05/2024,14:00,14354837,,GotSport,Soccer,U-12,TAR-KILL SOCCER CLUB TARKILL BARCELONA 2012,HADDON TWP WHITE HAWKS 2012,TARKILL-STERLING HS,,
05/05/2024,14:00,14354481,,GotSport,Soccer,U-9,MAINLAND UNITED MUSTANGS 2015 B,CHERRY HILL SC CHERRY HILL SC WARRIORS 2015,MAINLAND - MEMORIAL PARK,,
05/05/2024,14:00,14353614,,GotSport,Soccer,U-11,WEST DEPTFORD WIZARDS 2013,COLLINGSWOOD COBRAS 2013,W DEPTFORD-WD PARK,,
05/05/2024,14:00,14353585,,GotSport,Soccer,U-13,MOUNT LAUREL UNITED (MLU) HAWKS 2012,MARLTON SC CHIEFS ORANGE 2012,MLU-TROTTERS,,
05/05/2024,14:00,14353161,,GotSport,Soccer,U-12,VINELAND SA FURY 2012,VOORHEES SA FORCE 2012,VINELAND SA,,
05/05/2024,14:00,14353584,,GotSport,Soccer,U-13,PENNSAUKEN YOUTH SOCCER CLUB WARRIORS 2011,SWEDESBORO WOOLWICH SOCCER ASSOC. SWSA RED FLAMES 2011,Pennsauken Community Recreation Facility,,
05/05/2024,14:00,14353104,,GotSport,Soccer,U-11,NORTHERN BURLINGTON SA BLUE DEVILS II 2014,PITTSGROVE SOCCER CLUB PSC PYTHONS '13,NB Georgetown Park,,
05/05/2024,14:00,14353543,,GotSport,Soccer,U-8,GATEWAY UNITED SOCCER CLUB THUNDER 2016,PITMAN SA BOBCATS 2016,GATEWAY UTD. - LANGSTON FIELD,,
05/05/2024,14:00,14354749,,GotSport,Soccer,U-10,COLLINGSWOOD OAKLYN SOCCER CLUB OUTLAWS 2014,HADDONFIELD SC BLACK 2014,COSC- Oaklyn Public School,,
05/05/2024,14:00,14354698,,GotSport,Soccer,U-11,HADDON TWP WHITE HAWKS 2013,MOORESTOWN SC FALCONS 2013,HADDON TWP-Homestead Youth Association,,
05/05/2024,14:00,14354721,,GotSport,Soccer,U-9,EAST GREENWICH SA EGSA TIGERS 2015,DEPTFORD LIGHTNING 2015,E GREENWICH - THOMPSON FAMILY PARK,,
05/05/2024,14:10,14354115,,GotSport,Soccer,U-13,MAINLAND UNITED SA MUSTANGS 2011 B,CHERRY HILL FC 2011 JUNIORS BLACK,MAINLAND-Atlantic Christian School,,
05/05/2024,14:15,14353911,,GotSport,Soccer,U-12,FRANKLIN TOWNSHIP YOUTH SOCCER ASSOCIATION CRUSADERS 2012,PITMAN SA JAGUARS 2012,FRANKLIN TWP YOUTH COMPLEX,,
05/05/2024,14:15,14353555,,GotSport,Soccer,U-10,TBAA OUTLAWS 2014,SJ FUTBOL CLUB FLYERS II 2014,TBAA-VALLEY BROOK,,
05/05/2024,14:15,14354158,,GotSport,Soccer,U-12,BORDENTOWN FC JAGUARS 2012,SOUTH HARRISON TOWNSHIP SOCCER CLUB STRIKERS 2012,BORDENTOWN - FRIENDSHIP FIELDS,,
05/05/2024,14:30,14354225,,GotSport,Soccer,U-12,MARLTON SC CHIEFS BLACK 2012,COLLINGSWOOD OAKLYN SOCCER CLUB KNIGHTS 2012,MARLTON - MEMORIAL,,
05/05/2024,14:30,14354804,,GotSport,Soccer,U-11,HADDONFIELD SC BLACK 2013,MANTUA TOWNSHIP SA WOLVES 2013,HADDONFIELD - CROWS WOODS,,
05/05/2024,14:30,14353260,,GotSport,Soccer,U-8,EGG HARBOR SC EAGLES 2016,MEDFORD SC WHITE 2016,EGG HARBOR - BARGAINTOWN,,
05/05/2024,14:30,14353379,,GotSport,Soccer,U-11,CHERRY HILL SC CHERRY HILL SC FORCE 2013,WASHINGTON TWP SOCCER CLUB DAREDEVILS 2013,CHSC - UPPER CHAPEL TURF,,
05/05/2024,14:30,14354630,,GotSport,Soccer,U-14,WOODSTOWN WARRIORS 2010,DEPTFORD BRUTE FORCE 2010,WOODSTOWN,,
05/05/2024,14:30,14353565,,GotSport,Soccer,U-10,PITTSGROVE SOCCER CLUB PSC PHANTOMS '14,UPPER TOWNSHIP SA HURRICANES GREEN 2014,PITTSGROVE-GREEN BRANCH,,
05/05/2024,14:30,14354495,,GotSport,Soccer,U-15,SWEDESBORO WOOLWICH SOCCER ASSOC. SWSA FORCE 2009,WOODSTOWN ANGRY PIGS 2009,SW-Locke Avenue Park,,
05/05/2024,14:30,14353843,,GotSport,Soccer,U-10,MARLTON SC CHIEFS WHITE 2014,TBAA SYNDICATE 2014,MARLTON - MEMORIAL,,
05/05/2024,14:30,14354172,,GotSport,Soccer,U-17,WASHINGTON TWP SOCCER CLUB SPARTANS 2007,VINELAND SA VIKINGS 2007,WASHINGTON TWP-WASH LAKE PARK,,
05/05/2024,14:30,14355043,,GotSport,Soccer,U-11,MOORESTOWN SC MAMBAS 2013,PENNSVILLE SOCCER ASSOCIATION EAGLES 2013,MOORESTOWN - SALEM RD/PRYOR PARK,,
05/05/2024,14:30,14354581,,GotSport,Soccer,U-11,WINSLOW SHARKS 2013,WASHINGTON TWP SOCCER CLUB RAPTORS 2013,WINSLOW TWP - PETER VOLPA,,
05/05/2024,14:30,14353016,,GotSport,Soccer,U-12,CINNAMINSON SC CHARGE 2012,DEPTFORD VENOM 2012,CINNAMINSON SC - MEMORIAL,,
05/05/2024,14:30,14353661,,GotSport,Soccer,U-8,HADDON TWP RED HAWKS 2016,MOORESTOWN SC PANTHERS 2016,HADDON TWP - CRYSTAL LAKE,,
05/05/2024,14:30,14353262,,GotSport,Soccer,U-8,MONROE UNITED 2016 BOYS,SWEDESBORO WOOLWICH SOCCER ASSOC. SWSA HAVOC 2016,MONROE TWP - CORKERY LANE,,
05/05/2024,14:30,14352735,,GotSport,Soccer,U-9,RANCOCAS VALLEY SC BOYS STEALTH 2015,CINNAMINSON SC RAPTORS 2015,Rancocas Valley-LUMBERTON MUNICIPAL,,
05/05/2024,14:30,14354561,,GotSport,Soccer,U-10,HADDONFIELD SC RED 2014 B,DEPTFORD RENEGADES 2014,HADDONFIELD - CROWS WOODS,,
05/05/2024,14:30,14354306,,GotSport,Soccer,U-11,UPPER TOWNSHIP SA CYCLONES 2013,TAR-KILL SOCCER CLUB TARKILL KNIGHTS 2013,UPPER TWP-Amanda's Field Complex,,
05/05/2024,14:30,14354249,,GotSport,Soccer,U-12,BURLINGTON TOWNSHIP SOCCER DRAGONS 2012,MAINLAND UNITED SA MUSTANGS 2012 B,BURLINGTON TWP - PINEWALD AVE,,
05/05/2024,14:30,14353179,,GotSport,Soccer,U-12,MEDFORD SC DESTROYERS 2012,HIGHLAND YOUTH SOCCER CLUB FORCE 2012,MEDFORD - BENDE PARK,,
05/05/2024,14:30,14353039,,GotSport,Soccer,U-10,TAR-KILL SOCCER CLUB TARKILL CHELSEA 2014,VOORHEES SA KNIGHTS 2014,TARKILL-STERLING HS,,
05/05/2024,14:30,14355064,,GotSport,Soccer,U-10,CLAYTON SA 2014 CLIPPERS,CHERRY HILL FC 2014 BLACK STRIKERS,CLAYTON - BENTZ,,
05/05/2024,14:30,14354003,,GotSport,Soccer,U-9,COHANSEY SC DYNASTY 2015,MAPLE SHADE WILD 2015,Cohansey - Cumberland County Tech School,,
05/05/2024,14:30,14353678,,GotSport,Soccer,U-8,MEDFORD SC NAVY 2016,MANTUA TOWNSHIP SA MAMBAS 2016,MEDFORD - BENDE PARK,,
05/05/2024,14:30,14353674,,GotSport,Soccer,U-8,CHERRY HILL FC 2016 JUNIOR RED,EAST GREENWICH SA EGSA CHAOS 2016,CHFC - DeCOU,,
05/05/2024,14:45,14353772,,GotSport,Soccer,U-10,CAPE EXPRESS CE 2014 UNION,SWEDESBORO WOOLWICH SOCCER ASSOC. SWSA DRAGONS 2014,CAPE EX SOCCER COMPLEX At Ockie Wisting,,
05/05/2024,14:45,14354149,,GotSport,Soccer,U-12,DEPTFORD THUNDER 2012,WATERFORD ATHLETIC ASSN WINGS 2012,DEPTFORD SC,,
05/05/2024,14:45,14353707,,GotSport,Soccer,U-8,MOORESTOWN SC WOLFPACK 2016,HIGHLAND YOUTH SOCCER CLUB BOYS 2016,MOORESTOWN - MEMORIAL FIELDS,,
05/05/2024,15:00,14355110,,GotSport,Soccer,U-10,BORDENTOWN FC UNION 2014,EAST GREENWICH SA EGSA STARS 2014,BORDENTOWN - FRIENDSHIP FIELDS,,
05/05/2024,15:10,14354903,,GotSport,Soccer,U-15,MONROE TOWNSHIP YS UNITED 2009,PENNS GROVE SC HEAT 2009,MONROE TWP - CORKERY LANE,,
05/05/2024,15:20,14354076,,GotSport,Soccer,U-15,TAR-KILL SOCCER CLUB TARKILL BLUE DEVILS 2009,MAPLE SHADE BLUE FLAMES 2009,TARKILL-STERLING HS,,
05/05/2024,15:20,14354199,,GotSport,Soccer,U-19,WINSLOW WOLVES 2006,GATEWAY UNITED SOCCER CLUB WARRIORS 2005,WINSLOW TWP - PETER VOLPA,,
05/05/2024,15:30,14354949,,GotSport,Soccer,U-9,CHERRY HILL SC CHERRY HILL SC COMETS (2015) - BOYS,PENNS GROVE LIGHTNING 2015,CHSC - UPPER CHAPEL TURF,,
05/05/2024,15:30,14355170,,GotSport,Soccer,U-10,WASHINGTON TWP SOCCER CLUB WHITE WARRIORS 2014,SOUTH HARRISON RENEGADES,WASHINGTON TWP. - Levy Fields (Virtua),,
05/05/2024,15:30,14355156,,GotSport,Soccer,U-10,WEST DEPTFORD SC AVALANCHE 2014,HARRISON STRIKERS 2014,W DEPTFORD-WD PARK,,
05/05/2024,15:30,14352635,,GotSport,Soccer,U-8,HARRISON HORNETS 2016,CHERRY HILL SC CHERRY HILL SC 72S (2016) - BOYS,HARRISON - William Wilt Soccer Complex,,
05/05/2024,15:30,14352652,,GotSport,Soccer,U-11,VOORHEES SA PREDATORS 2013,CHERRY HILL FC 2013 DEVILS,VOORHEES-Echelon Complex,,
05/05/2024,15:30,14352676,,GotSport,Soccer,U-11,SENECA UNITED SC 2013 TIGERS,VINELAND TERMINATORS 2014,SENECA - STONEY CREEK FIELDS,,
05/05/2024,15:30,14355101,,GotSport,Soccer,U-10,MOUNT LAUREL UNITED (MLU) COBRAS 2014,HADDON HEIGHTS SC 2014 MIGHTY TITANS,MLU-TROTTERS,,
05/05/2024,15:30,14352600,,GotSport,Soccer,U-8,TBAA RENEGADES 2016,LOGAN SUPERNOVA 2016,TBAA-VALLEY BROOK,,
05/05/2024,15:30,14352597,,GotSport,Soccer,U-8,COLLINGSWOOD OAKLYN SOCCER CLUB SPARTANS 2016,TAR-KILL SOCCER CLUB TARKILL 2016 BOYS,COSC- Oaklyn Public School,,
05/05/2024,15:30,14355021,,GotSport,Soccer,U-13,PEMBERTON SC PUNISHERS 2011,HADDON HEIGHTS SC 2011 WOLVES,PEMBERTON - HIGH SCHOOL,,
05/05/2024,15:30,14355015,,GotSport,Soccer,U-13,HADDONFIELD SC WHITE 2011,WOODBURY SOCCER CLUB WOODBURY ARMORY 2011,HADDONFIELD - CROWS WOODS,,
05/05/2024,15:30,14352935,,GotSport,Soccer,U-11,HIGHLAND YOUTH SOCCER CLUB FURY 2013,SJ FUTBOL CLUB SOUNDERS 2013,HIGHLAND - GLOUCESTER TWP PARK,,
05/05/2024,15:30,14354925,,GotSport,Soccer,U-13,PENNS GROVE SC RAGE 2011,PENNSVILLE SOCCER ASSOCIATION EAGLES 2011,PG-CP-PED- Carney's Point Rec Center,,
05/05/2024,15:30,14353076,,GotSport,Soccer,U-11,PALMYRA RIVERTON SC YOUNGBLOODS 2013,DELRAN FC SOCCER 2013B GREY,TBA,,
05/05/2024,15:30,14354852,,GotSport,Soccer,U-12,HARRISON WILDCATS 2012,WEST DEPTFORD SC UNION 2012,HARRISON - William Wilt Soccer Complex,,
05/05/2024,15:30,14353236,,GotSport,Soccer,U-9,VINELAND LIVERPOOL 2015,MARLTON SC CHIEFS ORANGE 2015,VINELAND SA,,
05/05/2024,15:30,14353322,,GotSport,Soccer,U-14,BORDENTOWN FC PANTHERS 2010,MEDFORD SC MAD DOGS WHITE 2010,BORDENTOWN - FRIENDSHIP FIELDS,,
05/05/2024,15:30,14353314,,GotSport,Soccer,U-14,VOORHEES SA WARRIORS 2010,NORTHERN BURLINGTON SA BLAST 2010,NB- MANSFIELD TOWNSHIP ELEMENTARY SCHOOL,,
05/05/2024,15:30,14354659,,GotSport,Soccer,U-14,PALMYRA RIVERTON SC UNION 2010,EDGEWATER PARK ATHLETIC ASSOCIATION EP WIZARDS 2010,PAL-RIV - LEGION FIELD,,
05/05/2024,15:30,14354619,,GotSport,Soccer,U-14,CINNAMINSON SC PIRATES 2010,HADDON TWP RED HAWKS 2010,CINNAMINSON SC - MEMORIAL,,
05/05/2024,15:30,14354609,,GotSport,Soccer,U-14,PITMAN SA PUMAS 2010,EAST GREENWICH SA EGSA CHARGERS 2010,PITMAN - ALCYON LAKE,,
05/05/2024,15:30,14353436,,GotSport,Soccer,U-12,VINELAND SA JERSEY BOYZ 2012,UPPER TOWNSHIP SA FORCE GREEN 2012,VINELAND SA,,
05/05/2024,15:30,14354582,,GotSport,Soccer,U-11,EAST GREENWICH SA EGSA PANTHERS 2013,WOODBURY SOCCER CLUB WOODBURY BISON 2013,E GREENWICH - THOMPSON FAMILY PARK,,
05/05/2024,15:30,14353613,,GotSport,Soccer,U-11,HADDON TWP RED HAWKS 2014,MOUNT LAUREL UNITED (MLU) LIGHTNING 2014,HADDON TWP-Homestead Youth Association,,
05/05/2024,15:30,14353474,,GotSport,Soccer,U-9,ATLANTIC UNITED PREMIER FIRE 2015 B,LOGAN ARMADA 2015,ATLANTIC - TARTAGLIO,,
05/05/2024,15:30,14353492,,GotSport,Soccer,U-8,HAMMONTON HEAT 2016,FRANKLIN TOWNSHIP YOUTH SOCCER ASSOCIATION UNITED 2016,HAMMONTON - MOSS MILL RD PARK SOCCER COMPLEX,,
05/05/2024,15:30,14353503,,GotSport,Soccer,U-8,GATEWAY UNITED SOCCER CLUB 2016 GUSC BLUES,HADDON HEIGHTS SC 2016 RUCKUS,GATEWAY UTD. - LANGSTON FIELD,,
05/05/2024,15:30,14353496,,GotSport,Soccer,U-8,NORTHERN BURLINGTON FORCE 2016,MAPLE SHADE SHARKS 2016,NB Georgetown Park,,
05/05/2024,15:30,14353386,,GotSport,Soccer,U-11,NORTHERN BURLINGTON SA BLUES 2013,CHERRY HILL FC 2013 JUNIOR BLACK - RED HAWKS,NB Georgetown Park,,
05/05/2024,15:30,14353596,,GotSport,Soccer,U-13,TBAA TITANS 2011,MONROE TOWNSHIP YS UNITED WHITE 2011,TBAA-VALLEY BROOK,,
05/05/2024,15:30,14354449,,GotSport,Soccer,U-14,PITTSGROVE SOCCER CLUB PSC CRUSH '10,PENNSAUKEN YOUTH SOCCER CLUB CYCLONES 2010,Pennsauken Community Recreation Facility,,
05/05/2024,15:30,14354455,,GotSport,Soccer,U-14,DELRAN EXPRESS 2010B,DEPTFORD DEMONS 2010,DELRAN-DEUTSCH FIELD,,
05/05/2024,15:30,14353720,,GotSport,Soccer,U-8,MAINLAND UNITED SA MUSTANGS 2016 B,HADDONFIELD SC FIRE 2016 B,MAINLAND - MEMORIAL PARK,,
05/05/2024,15:30,14353724,,GotSport,Soccer,U-8,WASHINGTON TWP SOCCER CLUB THUNDER 2016,VOORHEES SA DESTROYERS 2016,WASHINGTON TWP. - Levy Fields (Virtua),,
05/05/2024,15:30,14353869,,GotSport,Soccer,U-9,EAST GREENWICH SA EGSA BLACK KNIGHTS 2015,HARRISON STRIKERS 2015,E GREENWICH - THOMPSON FAMILY PARK,,
05/05/2024,15:30,14353979,,GotSport,Soccer,U-15,EGG HARBOR SC EAGLES 2009,CHERRY HILL FC DRAGONS 2009,EGG HARBOR - BARGAINTOWN,,
05/05/2024,15:30,14354011,,GotSport,Soccer,U-9,WEST DEPTFORD SC ANIMALS 2015,BERLIN SOCCER CLUB BERSERKERS 2015,W DEPTFORD-WD PARK,,
05/05/2024,15:30,14354033,,GotSport,Soccer,U-16,BURLINGTON TOWNSHIP SOCCER STORM 2008,HIGHLAND YOUTH SOCCER CLUB HURRICANES 2008,BURLINGTON TWP - PINEWALD AVE,,
05/05/2024,15:40,14355192,,GotSport,Soccer,U-14,MAINLAND UNITED STANGS 2010-11 B,MILLVILLE VENOM 2010,MAINLAND-Atlantic Christian School,,
05/05/2024,15:45,14354280,,GotSport,Soccer,U-12,CHERRY HILL SC CHERRY HILL SC BULLS (2012) - BOYS,LOGAN FUSION 2012,CHSC - UPPER CHAPEL TURF,,
05/05/2024,15:45,14353537,,GotSport,Soccer,U-8,HADDON TWP WHITE HAWKS 2016,WASHINGTON TWP SOCCER CLUB WOLVES 2016,HADDON TWP - CRYSTAL LAKE,,
05/05/2024,15:45,14353526,,GotSport,Soccer,U-8,MEDFORD SC GOLD 2016,NORTHERN BURLINGTON BOOM 2016,MEDFORD - BENDE PARK,,
05/05/2024,15:45,14352936,,GotSport,Soccer,U-11,EGG HARBOR SC EAGLES BLACK 2013,HAMMONTON YSA HAMMONTON HEAT 2013,EGG HARBOR - BARGAINTOWN,,
05/05/2024,15:45,14353462,,GotSport,Soccer,U-9,HADDONFIELD SC WHITE 2015 B,PENNSVILLE EAGLES 2015,HADDONFIELD - CROWS WOODS,,
05/05/2024,15:45,14353240,,GotSport,Soccer,U-9,MONROE TOWNSHIP YS UNITED BOYS 2015,TBAA REVOLUTION 2015,MONROE TWP - CORKERY LANE,,
05/05/2024,15:45,14352761,,GotSport,Soccer,U-10,TAR-KILL SOCCER CLUB TARKILL SPURS 2014,VOORHEES SA VIKINGS 2014,TARKILL-STERLING HS,,
05/05/2024,15:45,14353912,,GotSport,Soccer,U-12,MILLVILLE LYNX 2012,CINNAMINSON SC WARRIORS 2012,MILLVILLE SOCCER COMPLEX,,
05/05/2024,15:45,14353396,,GotSport,Soccer,U-9,WINSLOW TITANS 2015,CHERRY HILL FC 2015 JUNIOR BLACK,WINSLOW TWP - PETER VOLPA,,
05/05/2024,15:45,14352680,,GotSport,Soccer,U-11,MARLTON SC CHIEFS BLACK 2013,MEDFORD SC UNION 2013,MARLTON - MEMORIAL,,
05/05/2024,15:45,14354395,,GotSport,Soccer,U-11,HADDONFIELD SC WHITE 2013,MILLVILLE REBELS 2013,HADDONFIELD - CROWS WOODS,,
05/05/2024,15:45,14353261,,GotSport,Soccer,U-8,PITTSGROVE SOCCER CLUB PSC PRIME '16,CAPE EXPRESS - CE NOR'EASTERS 2016,PITTSGROVE-GREEN BRANCH,,
05/05/2024,15:45,14353142,,GotSport,Soccer,U-11,CINNAMINSON SC THUNDERBIRDS 2013,HADDON TWP RED HAWKS 2013,CINNAMINSON SC - MEMORIAL,,
05/05/2024,15:45,14352712,,GotSport,Soccer,U-8,RANCOCAS VALLEY SC 2016 BOYS PREMIER,CINNAMINSON SC LIGHTNING 2016,Rancocas Valley-LUMBERTON MUNICIPAL,,
05/05/2024,15:45,14352997,,GotSport,Soccer,U-8,MARLTON SC CHIEFS ORANGE 2016,MOUNT LAUREL UNITED (MLU) GLADIATORS 2016,MARLTON - MEMORIAL,,
05/05/2024,15:45,14353381,,GotSport,Soccer,U-11,MOORESTOWN SC RAPTORS 2013,HARRISON WOLFPACK 2013,MOORESTOWN - SALEM RD/PRYOR PARK,,
05/05/2024,15:45,14353892,,GotSport,Soccer,U-9,COHANSEY SC DYNAMO 2015,WOODBURY SOCCEROOS,Cohansey - Cumberland County Tech School,,
05/05/2024,15:45,14353749,,GotSport,Soccer,U-13,UPPER TOWNSHIP SA TSUNAMIS 2011,HARRISON SC THUNDER 2011,UPPER TWP-Amanda's Field Complex,,
05/05/2024,15:45,14354347,,GotSport,Soccer,U-10,FRANKLIN TOWNSHIP YOUTH SOCCER ASSOCIATION STORM 2014,WEST DEPTFORD SC EAGLES 2014,FRANKLIN TWP YOUTH COMPLEX,,
05/05/2024,15:45,14354926,,GotSport,Soccer,U-13,CLAYTON SA 2011 CLIPPERS,AUDUBON SOCCER YOUTH EAGLES 2011,CLAYTON - BENTZ,,
05/05/2024,15:45,14352834,,GotSport,Soccer,U-9,BURLINGTON TOWNSHIP SOCCER THUNDER2015,PENNSAUKEN YOUTH SOCCER CLUB LIONS 2015,BURLINGTON TWP - PINEWALD AVE,,
05/05/2024,16:00,14353806,,GotSport,Soccer,U-12,SWEDESBORO WOOLWICH SOCCER ASSOC. SWSA SHARKS 2012,BERLIN SOCCER CLUB BALL BREAKERS 2012,SW-Locke Avenue Park,,
05/05/2024,16:00,14353568,,GotSport,Soccer,U-10,CAPE EXPRESS CE ENGINEERS 2014,MEDFORD SC AVENGERS 2014,CAPE EX SOCCER COMPLEX At Ockie Wisting,,
05/05/2024,16:00,14353205,,GotSport,Soccer,U-13,WASHINGTON TWP SOCCER CLUB REGULATORS 2011,DELRAN FC BLAST 2011,WASHINGTON TWP-WASH LAKE PARK,,
05/05/2024,16:00,14353635,,GotSport,Soccer,U-11,AUDUBON SOCCER YOUTH WILD WINGS 2013,SJ FUTBOL CLUB SJFC FLYERS 2014 (ELITE),AUDUBON PARK FIELD,,
05/05/2024,16:00,14354394,,GotSport,Soccer,U-11,BURLINGTON COUNTY SOCCER ACADEMY DEL-SIDE SC 2013B,MAINLAND UNITED SA STANGS 2013 B,BURLINGTON COUNTY SA - Delanco Field of Dreams,,
05/05/2024,16:00,14354660,,GotSport,Soccer,U-14,WOODSTOWN WOLVERINES 2010,GATEWAY UNITED SOCCER CLUB JAGUARS 2010,WOODSTOWN,,
05/05/2024,16:00,14354823,,GotSport,Soccer,U-11,DEPTFORD TORNADOS 2013,LOGAN FLASH 2013,DEPTFORD SC,,
05/05/2024,17:00,14354990,,GotSport,Soccer,U-13,CHERRY HILL FC 2011/2012 JUNIOR WHITE,CINNAMINSON SC STORM 2011,CINNAMINSON SC - MEMORIAL,,
05/05/2024,17:30,14353761,,GotSport,Soccer,U-10,SWEDESBORO WOOLWICH SOCCER ASSOC. SWSA DRAGONS 2014,CAPE EXPRESS CE 2014 UNION,CAPE EX SOCCER COMPLEX At Ockie Wisting,,
05/06/2024,18:30,14353014,,GotSport,Soccer,U-12,MOORESTOWN SC BLACK DRAGONS 2012,CINNAMINSON SC CHARGE 2012,MOORESTOWN - SALEM RD/PRYOR PARK,,
05/07/2024,17:30,14353082,,GotSport,Soccer,U-11,DELRAN FC SOCCER 2013B GREY,PALMYRA RIVERTON SC YOUNGBLOODS 2013,DELRAN-DEUTSCH FIELD,,
05/07/2024,18:00,14353870,,GotSport,Soccer,U-9,HARRISON STRIKERS 2015,SWEDESBORO WOOLWICH SOCCER ASSOC. SWSA STRIKERS 2015,HARRISON - William Wilt Soccer Complex,,
05/07/2024,18:30,14354423,,GotSport,Soccer,U-13,DEPTFORD BLAZE 2011,MEDFORD STRIKERS 2011 BOYS,MEDFORD STRIKERS - ARK ROAD COMPLEX,,
05/07/2024,19:00,14352806,,GotSport,Soccer,U-13,PITTSGROVE SOCCER CLUB PSC WOLVES '11,MOORESTOWN SC BLACK KNIGHTS 2011,PITTSGROVE-GREEN BRANCH,,
05/07/2024,19:00,14354066,,GotSport,Soccer,U-15,PENNSAUKEN YOUTH SOCCER CLUB STORM 2009,BURLINGTON TOWNSHIP SOCCER FUSION 2009,Pennsauken Community Recreation Facility,,
05/08/2024,18:30,14353516,,GotSport,Soccer,U-8,LOGAN APOLLO 2016,WEST DEPTFORD SC TSUNAMI 2016,LOGAN - TWP LINE,,
05/08/2024,18:30,14354462,,GotSport,Soccer,U-9,MEDFORD STRIKERS 2015 BOYS,CHERRY HILL SC CHERRY HILL SC WARRIORS 2015,MEDFORD STRIKERS - ARK ROAD COMPLEX,,
05/08/2024,19:00,14352954,,GotSport,Soccer,U-11,MOORESTOWN SC GOLDEN EAGLES 2013,PITTSGROVE SOCCER CLUB PSC REVOLUTION '13,MOORESTOWN - SALEM RD/PRYOR PARK,,
05/08/2024,19:30,14352730,,GotSport,Soccer,U-9,CINNAMINSON SC RAPTORS 2015,RANCOCAS VALLEY SC BOYS STEALTH 2015,CINNAMINSON SC- Wood Park,,
05/09/2024,18:30,14353768,,GotSport,Soccer,U-10,EAST GREENWICH SA EGSA TITANS 2014,MONROE TOWNSHIP YS UNITED 2014,E GREENWICH - THOMPSON FAMILY PARK,,
05/10/2024,17:30,14354256,,GotSport,Soccer,U-12,CINNAMINSON SC SKULLS 2012,CHERRY HILL SC CHERRY HILL SC BULLS (2012) - BOYS,CINNAMINSON SC - MEMORIAL,,
05/10/2024,18:00,14355061,,GotSport,Soccer,U-10,CHERRY HILL SC CHERRY HILL SC FORCE 2014,CHERRY HILL FC 2014 BLACK STRIKERS,CHFC - DeCOU,,
05/10/2024,18:00,14354709,,GotSport,Soccer,U-9,MILLVILLE WARRIORS 2015,PITTSGROVE SOCCER CLUB PSC GALAXY '15,MILLVILLE SOCCER COMPLEX,,
05/10/2024,18:00,14352673,,GotSport,Soccer,U-11,SENECA UNITED SC 2013 TIGERS,MEDFORD SC UNION 2013,SENECA - STONEY CREEK FIELDS,,
05/10/2024,18:00,14354820,,GotSport,Soccer,U-11,LOGAN FLASH 2013,MANTUA TOWNSHIP SA WOLVES 2013,LOGAN - TWP LINE,,
05/10/2024,18:00,14353223,,GotSport,Soccer,U-9,TBAA REVOLUTION 2015,MONROE TOWNSHIP YS UNITED BOYS 2015,TBAA-VALLEY BROOK,,
05/10/2024,18:30,14354643,,GotSport,Soccer,U-14,DEPTFORD BRUTE FORCE 2010,WOODSTOWN WARRIORS 2010,DEPTFORD SC,,
05/10/2024,18:30,14355093,,GotSport,Soccer,U-10,HADDON HEIGHTS SC 2014 MIGHTY TITANS,MOUNT LAUREL UNITED (MLU) COBRAS 2014,HADD HGTS - DEVON,,
05/10/2024,19:00,14354968,,GotSport,Soccer,U-13,MANTUA TOWNSHIP SA FURY 2012,RANCOCAS VALLEY SC BOYS 2011 UNITED,MANTUA TWP,,
05/11/2024,09:30,14353432,,GotSport,Soccer,U-12,UPPER TOWNSHIP SA FORCE GREEN 2012,NORTHERN BURLINGTON SA RANGERS 2012,UPPER TWP-Amanda's Field Complex,,
05/11/2024,10:00,14352582,,GotSport,Soccer,U-10,SOUTH HARRISON RENEGADES,WATERFORD ATHLETIC ASSN WINGS 2014,SOUTH HARRISON - STEWART,,
05/11/2024,10:00,15557775,,GotSport,Soccer,U-18,WOODSTOWN WOLVERINES 2007,CAPE EXPRESS CE BREAKERS 2007,WOODSTOWN,,
05/11/2024,10:30,14354194,,GotSport,Soccer,U-19,GATEWAY UNITED SOCCER CLUB WARRIORS 2005,WINSLOW WOLVES 2006,GATEWAY UTD. - WESTVILLE,,
05/11/2024,11:00,14354973,,GotSport,Soccer,U-13,RANCOCAS VALLEY SC BOYS 2011 UNITED,MOORESTOWN SC LIGHTNING 2011,Rancocas Valley-LUMBERTON MUNICIPAL,,
05/11/2024,19:00,14352636,,GotSport,Soccer,U-11,CHERRY HILL FC 2013 DEVILS,EGG HARBOR SC EAGLES WHITE 2013,CHFC - DeCOU,,
05/12/2024,10:00,14353577,,GotSport,Soccer,U-13,SWEDESBORO WOOLWICH SOCCER ASSOC. SWSA RED FLAMES 2011,MOUNT LAUREL UNITED (MLU) HAWKS 2012,SW-Locke Avenue Park,,
05/12/2024,11:00,14353245,,GotSport,Soccer,U-9,VINELAND LIVERPOOL 2015,CHERRY HILL FC 2015 JUNIOR RED,VINELAND SA,,
05/12/2024,11:00,14352787,,GotSport,Soccer,U-15,NORTHERN BURLINGTON SA BULLDOGS 2009,CINNAMINSON SC WILDCATS 2009,NB- MANSFIELD TOWNSHIP ELEMENTARY SCHOOL,,
05/12/2024,11:00,14353283,,GotSport,Soccer,U-13,LOGAN BLAZE 2011,PITTSGROVE SOCCER CLUB PSC WARRIORS '12,LOGAN - TWP LINE,,
05/12/2024,11:00,14355179,,GotSport,Soccer,U-15,HAMMONTON YSA HAMMONTON HEAT 2009,COHANSEY SC STORM 2009,HAMMONTON - MOSS MILL RD PARK SOCCER COMPLEX,,
05/12/2024,11:00,14354846,,GotSport,Soccer,U-12,HADDON TWP WHITE HAWKS 2012,HADDONFIELD SC WHITE 2012,HADDON TWP-Homestead Youth Association,,
05/12/2024,11:00,14353976,,GotSport,Soccer,U-15,EAST GREENWICH SA EGSA THUNDER 2009,TBAA STORM 2009,E GREENWICH - THOMPSON FAMILY PARK,,
05/12/2024,11:00,14353873,,GotSport,Soccer,U-9,SWEDESBORO WOOLWICH SOCCER ASSOC. SWSA STRIKERS 2015,EAST GREENWICH SA EGSA BLACK KNIGHTS 2015,SW-Locke Avenue Park,,
05/12/2024,11:00,14352822,,GotSport,Soccer,U-13,CHERRY HILL FC AVENGERS 2011,CINNAMINSON SC VIPERS 2011,CHFC - DeCOU,,
05/12/2024,11:00,14354930,,GotSport,Soccer,U-13,PENNS GROVE SC RAGE 2011,AUDUBON SOCCER YOUTH EAGLES 2011,PG-CP-PED- Carney's Point Rec Center,,
05/12/2024,11:00,14354231,,GotSport,Soccer,U-12,HARRISON SC STRIKERS 2012,WINSLOW DYNAMO 2012,HARRISON - William Wilt Soccer Complex,,
05/12/2024,11:00,14352908,,GotSport,Soccer,U-14,CAPE EXPRESS CE 2010 BLUE CRUSH,MAINLAND UNITED SA SHARKS 2010,CAPE EX SOCCER COMPLEX At Ockie Wisting,,
05/12/2024,11:00,14354177,,GotSport,Soccer,U-17,HARRISON TITANS FÚTBOL ACADEMY,MAINLAND UNITED SA H.S. BOYS UNITED 2007,HARRISON - William Wilt Soccer Complex,,
05/12/2024,11:30,14354497,,GotSport,Soccer,U-15,SJ FUTBOL CLUB RAPIDS 2009,HADDONFIELD SC RED 2009,SJFC - UPPER DEERFIELD RECREATION COMPLEX,,
05/12/2024,12:00,14353893,,GotSport,Soccer,U-9,LOGAN BRIGADE 2015,COHANSEY SC DYNAMO 2015,LOGAN - TWP LINE,,
05/12/2024,12:00,14354878,,GotSport,Soccer,U-9,MOUNT LAUREL UNITED (MLU) SHARKS 2015,BURLINGTON TOWNSHIP SOCCER PHOENIX 2015,MLU-TROTTERS,,
05/12/2024,12:00,14354791,,GotSport,Soccer,U-13,WEST DEPTFORD SC WOLFPACK 2011,CHERRY HILL SC ROYALS 2012,W DEPTFORD-WD PARK,,
05/12/2024,12:00,14353662,,GotSport,Soccer,U-8,CINNAMINSON SC TITANS 2016,HADDON TWP RED HAWKS 2016,CINNAMINSON SC - MEMORIAL,,
05/12/2024,12:00,14354591,,GotSport,Soccer,U-11,WASHINGTON TWP SOCCER CLUB RAPTORS 2013,MAINLAND UNITED STALLIONS 2014 B,WASHINGTON TWP-WASH LAKE PARK,,
05/12/2024,12:00,14354556,,GotSport,Soccer,U-10,DEPTFORD RENEGADES 2014,SWEDESBORO WOOLWICH SOCCER ASSOC. SWSA LIGHTNING 2014,DEPTFORD SC,,
05/12/2024,12:00,14355018,,GotSport,Soccer,U-13,HADDON HEIGHTS SC 2011 WOLVES,WOODSTOWN FURY 2011,HADD HGTS - DEVON,,
05/12/2024,12:00,14353053,,GotSport,Soccer,U-10,DELRAN FC SOCCER DELRAN FC KNIGHTS,TAR-KILL SOCCER CLUB TARKILL CHELSEA 2014,DELRAN-DEUTSCH FIELD,,
05/12/2024,12:00,14354050,,GotSport,Soccer,U-16,HIGHLAND YOUTH SOCCER CLUB GALAXY 2008,HIGHLAND YOUTH SOCCER CLUB FUSION 2008,HIGHLAND - GLOUCESTER TWP PARK,,
05/12/2024,12:00,14354198,,GotSport,Soccer,U-19,MEDFORD SC ARSENAL 2005,WINSLOW WOLVES 2006,MEDFORD - BENDE PARK,,
05/12/2024,12:00,14354314,,GotSport,Soccer,U-11,MAINLAND UNITED SA MUSTANGS 2013 B,UPPER TOWNSHIP SA CYCLONES 2013,MAINLAND - MEMORIAL PARK,,
05/12/2024,12:00,14354645,,GotSport,Soccer,U-14,DEPTFORD BRUTE FORCE 2010,MILLVILLE VENOM 2010,DEPTFORD SC,,
05/12/2024,12:00,14353350,,GotSport,Soccer,U-9,MOORESTOWN SC MANTA RAYS 2015,PALMYRA RIVERTON SC NATIONALS 2015,MOORESTOWN - MEMORIAL FIELDS,,
05/12/2024,12:00,14352765,,GotSport,Soccer,U-10,VOORHEES SA VIKINGS 2014,RANCOCAS VALLEY SC '14 - FOREST,VOORHEES-Echelon Complex,,
05/12/2024,12:00,14353600,,GotSport,Soccer,U-13,SWEDESBORO WOOLWICH SOCCER ASSOC. SWSA RED FLAMES 2011,TBAA TITANS 2011,SW-Locke Avenue Park,,
05/12/2024,12:00,14354488,,GotSport,Soccer,U-15,WOODSTOWN ANGRY PIGS 2009,FRANKLIN TOWNSHIP YOUTH SOCCER ASSOCIATION STRIKERS 2009,WOODSTOWN,,
05/12/2024,12:00,14353809,,GotSport,Soccer,U-12,MOUNT LAUREL UNITED (MLU) IMPACT 2012,AUDUBON SOCCER YOUTH BALLERS 2012,MLU-TROTTERS,,
05/12/2024,12:00,14352695,,GotSport,Soccer,U-11,CINNAMINSON SC STRIKERS 2013,SENECA UNITED SC 2013 TIGERS,CINNAMINSON SC - MEMORIAL,,
05/12/2024,12:00,14355171,,GotSport,Soccer,U-10,TBAA REVOLUTION 2014,HADDONFIELD SC WHITE 2014 B,TBAA-VALLEY BROOK,,
05/12/2024,12:00,14354097,,GotSport,Soccer,U-15,CINNAMINSON SC PIRATES 2009,BURLINGTON TOWNSHIP SOCCER FUSION 2009,CINNAMINSON SC - MEMORIAL,,
05/12/2024,12:00,14354077,,GotSport,Soccer,U-15,MAPLE SHADE BLUE FLAMES 2009,LOGAN REBELS 2009,MAPLE SHADE - TURF FIELD,,
05/12/2024,12:00,14354196,,GotSport,Soccer,U-19,GATEWAY UNITED SOCCER CLUB WARRIORS 2005,HIGHLAND YOUTH SOCCER CLUB THRASHERS 2006,GATEWAY UTD. - WESTVILLE,,
05/12/2024,12:15,14353178,,GotSport,Soccer,U-12,VINELAND SA FURY 2012,HIGHLAND YOUTH SOCCER CLUB FORCE 2012,VINELAND SA,,
05/12/2024,12:15,14354869,,GotSport,Soccer,U-9,SWEDESBORO WOOLWICH SOCCER ASSOC. SWSA GUNNERS 2015,CHERRY HILL FC 2015/2016 CHFC JUNIOR WHITE,SW-Locke Avenue Park,,
05/12/2024,12:30,14354132,,GotSport,Soccer,U-13,DEPTFORD TORNADOES 2011,CHERRY HILL FC 2011 JUNIORS BLACK,DEPTFORD SC,,
05/12/2024,12:30,14355102,,GotSport,Soccer,U-10,COLLINGSWOOD OAKLYN SOCCER CLUB VENOM COSC 2014,MOUNT LAUREL UNITED (MLU) COBRAS 2014,COSC- Oaklyn Public School,,
05/12/2024,12:30,14352690,,GotSport,Soccer,U-11,MEDFORD SC UNION 2013,RANCOCAS VALLEY SC RONALDO 2013,MEDFORD - BENDE PARK,,
05/12/2024,12:30,14354555,,GotSport,Soccer,U-10,HIGHLAND YOUTH SOCCER CLUB THUNDER 2014,HADDONFIELD SC RED 2014 B,HIGHLAND - GLOUCESTER TWP PARK,,
05/12/2024,12:30,14353238,,GotSport,Soccer,U-9,MARLTON SC CHIEFS ORANGE 2015,MONROE TOWNSHIP YS UNITED BOYS 2015,MARLTON - MEMORIAL,,
05/12/2024,12:30,14354520,,GotSport,Soccer,U-14,ATLANTIC UNITED PREMIER STRIKERS 2010/11 B,MAINLAND UNITED STANGS 2010-11 B,ATLANTIC - TARTAGLIO,,
05/12/2024,12:30,14353525,,GotSport,Soccer,U-8,MEDFORD SC GOLD 2016,GATEWAY UNITED SOCCER CLUB THUNDER 2016,MEDFORD - BENDE PARK,,
05/12/2024,12:30,14354759,,GotSport,Soccer,U-10,PITTSGROVE SOCCER CLUB PSC MAVERICKS '14,MEDFORD SC GOLD 2014,PITTSGROVE-GREEN BRANCH,,
05/12/2024,12:30,14353167,,GotSport,Soccer,U-12,HADDONFIELD SC RED 2012,PITTSGROVE SOCCER CLUB PSC SPURS '12,HADDONFIELD - CROWS WOODS,,
05/12/2024,12:30,14353166,,GotSport,Soccer,U-12,VOORHEES SA FORCE 2012,MEDFORD SC DESTROYERS 2012,VOORHEES-Echelon Complex,,
05/12/2024,12:30,14354805,,GotSport,Soccer,U-11,MANTUA TOWNSHIP SA WOLVES 2013,DEPTFORD TORNADOS 2013,MANTUA TWP,,
05/12/2024,12:30,14354484,,GotSport,Soccer,U-9,VOORHEES SA COBRAS 2015,MAINLAND UNITED MUSTANGS 2015 B,VOORHEES-Echelon Complex,,
05/12/2024,12:30,14352650,,GotSport,Soccer,U-11,CAPE EXPRESS AVENGERS 2013,VOORHEES SA PREDATORS 2013,CAPE EX SOCCER COMPLEX At Ockie Wisting,,
05/12/2024,12:30,14353085,,GotSport,Soccer,U-11,DELRAN FC SOCCER 2013B GREY,MARLTON SC CHIEFS SILVER 2013,DELRAN-DEUTSCH FIELD,,
05/12/2024,12:30,14354446,,GotSport,Soccer,U-14,PITTSGROVE SOCCER CLUB PSC CRUSH '10,DELRAN EXPRESS 2010B,PITTSGROVE-GREEN BRANCH,,
05/12/2024,12:30,14353679,,GotSport,Soccer,U-8,EAST GREENWICH SA EGSA CHAOS 2016,MEDFORD SC NAVY 2016,E GREENWICH - THOMPSON FAMILY PARK,,
05/12/2024,12:30,14354911,,GotSport,Soccer,U-15,PENNS GROVE SC HEAT 2009,MEDFORD SC GOLD 2009,PG-CP-PED- Carney's Point Rec Center,,
05/12/2024,12:30,14354914,,GotSport,Soccer,U-15,WINSLOW VIPERS 2009,HARRISON SC BLUE DEVILS 2009,WINSLOW TWP - PETER VOLPA,,
05/12/2024,12:30,14354367,,GotSport,Soccer,U-10,BURLINGTON TOWNSHIP SOCCER DYNAMITE 2014,FRANKLIN TOWNSHIP YOUTH SOCCER ASSOCIATION STORM 2014,BURLINGTON TWP - PINEWALD AVE,,
05/12/2024,12:30,14353752,,GotSport,Soccer,U-13,HARRISON SC THUNDER 2011,CAPE EXPRESS SURGE 2011,HARRISON - William Wilt Soccer Complex,,
05/12/2024,12:30,14352943,,GotSport,Soccer,U-11,MARLTON SC CHIEFS WHITE 2013,EGG HARBOR SC EAGLES BLACK 2013,MARLTON - MEMORIAL,,
05/12/2024,12:30,14353808,,GotSport,Soccer,U-12,BERLIN SOCCER CLUB BALL BREAKERS 2012,WASHINGTON TWP SOCCER CLUB PREDATORS 2012,BERLIN SC - FRANKLIN FIELDS,,
05/12/2024,12:30,14355006,,GotSport,Soccer,U-13,WOODBURY SOCCER CLUB WOODBURY ARMORY 2011,PEMBERTON SC PUNISHERS 2011,WOODBURY,,
05/12/2024,12:30,14352902,,GotSport,Soccer,U-14,WASHINGTON TWP SOCCER CLUB RENEGADES 2010,MARLTON SC CHIEFS WHITE 2010,WASHINGTON TWP-WASH LAKE PARK,,
05/12/2024,12:30,14354241,,GotSport,Soccer,U-12,LOGAN FORCE 2012,BURLINGTON TOWNSHIP SOCCER DRAGONS 2012,LOGAN - TWP LINE,,
05/12/2024,12:30,14354095,,GotSport,Soccer,U-15,PITMAN SA LIONS 2009,TAR-KILL SOCCER CLUB TARKILL BLUE DEVILS 2009,PITMAN - ALCYON LAKE,,
05/12/2024,12:30,14352858,,GotSport,Soccer,U-11,PENNSAUKEN YOUTH SOCCER CLUB REBELS 2013,HADDONFIELD SC RED 2013,Pennsauken Community Recreation Facility,,
05/12/2024,12:30,14353885,,GotSport,Soccer,U-9,HARRISON BLUE ARSENAL 2015,CLAYTON SA 2015 CLIPPERS,HARRISON - William Wilt Soccer Complex,,
05/12/2024,12:30,14353944,,GotSport,Soccer,U-14,SENECA UNITED SC 2010 SCREAMING EAGLES,HIGHLAND YOUTH SOCCER CLUB RAPTORS 2010,SENECA - STONEY CREEK FIELDS,,
05/12/2024,12:30,14353945,,GotSport,Soccer,U-14,RANCOCAS VALLEY SC BOYS 2010 CELTIC,COLLINGSWOOD OAKLYN SOCCER CLUB GALAXY 2010,Rancocas Valley-LUMBERTON MUNICIPAL,,
05/12/2024,12:30,14353983,,GotSport,Soccer,U-15,CHERRY HILL FC DRAGONS 2009,MILLVILLE RAPTORS 2009,CHFC - DeCOU,,
05/12/2024,12:30,14354156,,GotSport,Soccer,U-12,WATERFORD ATHLETIC ASSN WINGS 2012,BORDENTOWN FC JAGUARS 2012,WATERFORD SC-RITTER FIELD,,
05/12/2024,12:30,14353332,,GotSport,Soccer,U-14,NORTHERN BURLINGTON SA BLAST 2010,BORDENTOWN FC PANTHERS 2010,NB- MANSFIELD TOWNSHIP ELEMENTARY SCHOOL,,
05/12/2024,12:30,14353319,,GotSport,Soccer,U-14,EAST GREENWICH SA EGSA BLAZE 2010,VOORHEES SA WARRIORS 2010,E GREENWICH - THOMPSON FAMILY PARK,,
05/12/2024,12:30,14353351,,GotSport,Soccer,U-9,HADDON TWP RED HAWKS 2015,TAR-KILL SOCCER CLUB TARKILL 2015 BLUE,HADDON TWP - CRYSTAL LAKE,,
05/12/2024,12:30,14353356,,GotSport,Soccer,U-9,MEDFORD SC WHITE 2015,WASHINGTON TWP SOCCER CLUB RAPTORS 2015,MEDFORD - BENDE PARK,,
05/12/2024,12:30,14353390,,GotSport,Soccer,U-11,HARRISON WOLFPACK 2013,NORTHERN BURLINGTON SA BLUES 2013,HARRISON - William Wilt Soccer Complex,,
05/12/2024,12:45,14354787,,GotSport,Soccer,U-13,HAMMONTON YSA HAMMONTON HEAT 2011,MONROE TOWNSHIP YS UNITED BOYS 2011 BLUE,HAMMONTON - MOSS MILL RD PARK SOCCER COMPLEX,,
05/12/2024,13:00,14355147,,GotSport,Soccer,U-10,WASHINGTON TWP SOCCER CLUB WHITE WARRIORS 2014,HADDON TWP WHITE HAWKS 2014,WASHINGTON TWP. - Levy Fields (Virtua),,
05/12/2024,13:00,14354211,,GotSport,Soccer,U-12,COLLINGSWOOD OAKLYN SOCCER CLUB KNIGHTS 2012,HADDONFIELD BLACK 2012,COSC- Oaklyn Public School,,
05/12/2024,13:00,14354150,,GotSport,Soccer,U-12,CHERRY HILL SC CHERRY HILL SC BULL DOGS 2012,DEPTFORD THUNDER 2012,CHSC - UPPER CHAPEL TURF,,
05/12/2024,13:00,14353692,,GotSport,Soccer,U-8,MANTUA TOWNSHIP SA MAMBAS 2016,WASHINGTON UNITED BOYS 2016,MANTUA TWP,,
05/12/2024,13:15,14353464,,GotSport,Soccer,U-9,MOORESTOWN SC HORNETS 2015,HADDONFIELD SC WHITE 2015 B,MOORESTOWN - MEMORIAL FIELDS,,
05/12/2024,13:15,14353546,,GotSport,Soccer,U-10,SJ FUTBOL CLUB FLYERS II 2014,CAPE EXPRESS CE ENGINEERS 2014,SJFC - UPPER DEERFIELD RECREATION COMPLEX,,
05/12/2024,13:15,14353616,,GotSport,Soccer,U-11,MOUNT LAUREL UNITED (MLU) LIGHTNING 2014,AUDUBON SOCCER YOUTH WILD WINGS 2013,MLU-TROTTERS,,
05/12/2024,13:15,14352618,,GotSport,Soccer,U-8,LOGAN SUPERNOVA 2016,TAR-KILL SOCCER CLUB TARKILL 2016 BOYS,LOGAN - TWP LINE,,
05/12/2024,13:15,14354252,,GotSport,Soccer,U-12,MAINLAND UNITED SA MUSTANGS 2012 B,GATEWAY UNITED SOCCER CLUB STINGRAYS 2012,MAINLAND - MEMORIAL PARK,,
05/12/2024,13:15,14353400,,GotSport,Soccer,U-9,DELRAN FC COBRAS 2015,HADDONFIELD SC BLACK 2015 B,DELRAN-DEUTSCH FIELD,,
05/12/2024,13:15,14354283,,GotSport,Soccer,U-12,CINNAMINSON SC SKULLS 2012,SWEDESBORO WOOLWICH SOCCER ASSOC. SWSA CYCLONES 2012/2013,CINNAMINSON SC - MEMORIAL,,
05/12/2024,13:15,14354966,,GotSport,Soccer,U-9,VOORHEES SA PYTHONS 2015,VINELAND AVENGERS 2015,VOORHEES-Echelon Complex,,
05/12/2024,13:15,14352986,,GotSport,Soccer,U-8,MOUNT LAUREL UNITED (MLU) GLADIATORS 2016,CINNAMINSON SC VIPERS 2016,MLU-TROTTERS,,
05/12/2024,13:15,14352708,,GotSport,Soccer,U-8,CINNAMINSON SC LIGHTNING 2016,MEDFORD SC COLUMBIA 2016,CINNAMINSON SC - MEMORIAL,,
05/12/2024,13:15,14352656,,GotSport,Soccer,U-11,WASHINGTON UNITED SOCCER CLUB WUSC 2013,EGG HARBOR SC EAGLES WHITE 2013,WASHINGTON TWP-WASH LAKE PARK,,
05/12/2024,13:15,14355051,,GotSport,Soccer,U-10,DEPTFORD UNITED 2014,MONROE TOWNSHIP YS UNITED BOYS 2014 BLUE,DEPTFORD SC,,
05/12/2024,13:30,14354853,,GotSport,Soccer,U-12,WEST DEPTFORD SC UNION 2012,TAR-KILL SOCCER CLUB TARKILL BARCELONA 2012,W DEPTFORD-WD PARK,,
05/12/2024,13:30,14354701,,GotSport,Soccer,U-11,MAPLE SHADE FORCE 2013,BARRINGTON SC REVOLUTION 2013,MAPLE SHADE - TURF FIELD,,
05/12/2024,13:30,14352885,,GotSport,Soccer,U-11,VINELAND SA UNITED 2013,CHERRY HILL SC THUNDER 2013,VINELAND SA,,
05/12/2024,13:30,14354699,,GotSport,Soccer,U-11,HADDON HEIGHTS SC 2013 BEAST BOYS,HADDON TWP WHITE HAWKS 2013,HADD HGTS - DEVON,,
05/12/2024,13:30,14352810,,GotSport,Soccer,U-13,SWEDESBORO WOOLWICH SOCCER ASSOC. SWSA BLACK MAMBAS 2011,MOORESTOWN SC BLACK KNIGHTS 2011,SW-Locke Avenue Park,,
05/12/2024,13:30,14352904,,GotSport,Soccer,U-14,MOUNT LAUREL UNITED (MLU) FORCE 2010,CHERRY HILL SC THUNDERBOLTS 2010,MLU-TROTTERS,,
05/12/2024,13:30,14353780,,GotSport,Soccer,U-10,SWEDESBORO WOOLWICH SOCCER ASSOC. SWSA DRAGONS 2014,EGG HARBOR SC EAGLES 2014 BLACK,SW-Locke Avenue Park,,
05/12/2024,13:35,14352794,,GotSport,Soccer,U-15,DEPTFORD AVENGERS 2009,CHERRY HILL SC FORCE 2009,DEPTFORD SC,,
05/12/2024,13:40,14354048,,GotSport,Soccer,U-16,MEDFORD SC WHITE 2008,MANTUA TOWNSHIP SA STRIKERS 2009,MEDFORD - BENDE PARK,,
05/12/2024,13:45,14353186,,GotSport,Soccer,U-13,GATEWAY UNITED SOCCER CLUB WILDCATS 2011,WASHINGTON TWP SOCCER CLUB REGULATORS 2011,GATEWAY UTD. - WESTVILLE,,
05/12/2024,13:45,14354025,,GotSport,Soccer,U-16,HIGHLAND YOUTH SOCCER CLUB HURRICANES 2008,MONROE TOWNSHIP YS UNITED BLUE 2008,HIGHLAND - GLOUCESTER TWP PARK,,
05/12/2024,13:45,14354625,,GotSport,Soccer,U-14,CINNAMINSON SC PIRATES 2010,TBAA DYNAMO 2010,CINNAMINSON SC - MEMORIAL,,
05/12/2024,14:00,14353145,,GotSport,Soccer,U-11,DELRAN FC SOCCER DELRAN FC 2013 UNITED,MEDFORD STRIKERS 2013 BOYS,DELRAN-DEUTSCH FIELD,,
05/12/2024,14:00,14355066,,GotSport,Soccer,U-10,CHERRY HILL FC 2014 BLACK STRIKERS,WASHINGTON TWP SOCCER CLUB RED 2014,CHFC - DeCOU,,
05/12/2024,14:00,14352805,,GotSport,Soccer,U-13,VOORHEES SA ATTACK 2011,PITTSGROVE SOCCER CLUB PSC WOLVES '11,VOORHEES-EASTERN HS,,
05/12/2024,14:00,14355047,,GotSport,Soccer,U-11,PENNSVILLE SOCCER ASSOCIATION EAGLES 2013,LOGAN CHARGE 2013,PENNSVILLE,,
05/12/2024,14:00,14352835,,GotSport,Soccer,U-9,PENNSAUKEN YOUTH SOCCER CLUB LIONS 2015,HARRISON BLUE REBELS 2015,Pennsauken Community Recreation Facility,,
05/12/2024,14:00,14352837,,GotSport,Soccer,U-9,MEDFORD SC COLUMBIA 2015,BURLINGTON TOWNSHIP SOCCER THUNDER2015,MEDFORD - BENDE PARK,,
05/12/2024,14:00,14352875,,GotSport,Soccer,U-11,MEDFORD SC BLUE DEVILS 2013,MONROE TOWNSHIP YS UNITED BOYS 2013 BLUE,MEDFORD - BENDE PARK,,
05/12/2024,14:00,14354992,,GotSport,Soccer,U-13,MANTUA TOWNSHIP SA FURY 2012,MOORESTOWN SC LIGHTNING 2011,MANTUA TWP,,
05/12/2024,14:00,14354983,,GotSport,Soccer,U-13,RANCOCAS VALLEY SC BOYS 2011 UNITED,CHERRY HILL FC 2011/2012 JUNIOR WHITE,Rancocas Valley-LUMBERTON MUNICIPAL,,
05/12/2024,14:00,14354964,,GotSport,Soccer,U-9,MILLVILLE PREDATORS 2015,CHERRY HILL SC CHERRY HILL SC COMETS (2015) - BOYS,MILLVILLE SOCCER COMPLEX,,
05/12/2024,14:00,14352964,,GotSport,Soccer,U-11,HARRISON SC LIGHTNING 2013,PITTSGROVE SOCCER CLUB PSC REVOLUTION '13,HARRISON - William Wilt Soccer Complex,,
05/12/2024,14:00,14352581,,GotSport,Soccer,U-10,WATERFORD ATHLETIC ASSN WINGS 2014,HARRISON STRIKERS 2014,WATERFORD SC-RITTER FIELD,,
05/12/2024,14:00,14354274,,GotSport,Soccer,U-12,LOGAN FUSION 2012,WINSLOW GREEN DRAGONS 2012,LOGAN - TWP LINE,,
05/12/2024,14:00,14352989,,GotSport,Soccer,U-8,HARRISON BLUE SNAKES 2016,CHERRY HILL SC CHERRY HILL SC THUNDER (2016) - BOYS,HARRISON - William Wilt Soccer Complex,,
05/12/2024,14:00,14352620,,GotSport,Soccer,U-8,COLLINGSWOOD OAKLYN SOCCER CLUB SPARTANS 2016,BORDENTOWN FC REVOLUTION 2016,COSC- Oaklyn Public School,,
05/12/2024,14:00,14353009,,GotSport,Soccer,U-12,MARLTON SC CHIEFS WHITE 2012,CINNAMINSON SC CHARGE 2012,MARLTON - MEMORIAL,,
05/12/2024,14:00,14353012,,GotSport,Soccer,U-12,DEPTFORD VENOM 2012,MOORESTOWN SC BLACK DRAGONS 2012,DEPTFORD SC,,
05/12/2024,14:00,14354298,,GotSport,Soccer,U-11,FRANKLIN TOWNSHIP YOUTH SOCCER ASSOCIATION ENFORCERS 2013,CHERRY HILL FC 2014 RED - HAWKS,FRANKLIN TWP YOUTH COMPLEX,,
05/12/2024,14:00,14353807,,GotSport,Soccer,U-12,EGG HARBOR SC EAGLES BLACK 2012,SWEDESBORO WOOLWICH SOCCER ASSOC. SWSA SHARKS 2012,EGG HARBOR - BARGAINTOWN,,
05/12/2024,14:00,14353046,,GotSport,Soccer,U-10,VOORHEES SA KNIGHTS 2014,CINNAMINSON SC CHARGERS 2014,VOORHEES-Echelon Complex,,
05/12/2024,14:00,14353074,,GotSport,Soccer,U-11,BERLIN SOCCER CLUB BULLDOGS 2013,PALMYRA RIVERTON SC YOUNGBLOODS 2013,BERLIN SC - FRANKLIN FIELDS,,
05/12/2024,14:00,14353096,,GotSport,Soccer,U-11,PITTSGROVE SOCCER CLUB PSC PYTHONS '13,EAST GREENWICH SA EGSA DYNAMO 2013,PITTSGROVE-GREEN BRANCH,,
05/12/2024,14:00,14354435,,GotSport,Soccer,U-13,MEDFORD SC RENEGADES 2011,BORDENTOWN FC RENEGADES 2011,MEDFORD - BENDE PARK,,
05/12/2024,14:00,14353745,,GotSport,Soccer,U-13,HADDONFIELD SC RED 2011,EGG HARBOR SC EAGLES BLACK 2011,HADDONFIELD - CROWS WOODS,,
05/12/2024,14:00,14353130,,GotSport,Soccer,U-11,HADDON TWP RED HAWKS 2013,NORTHERN BURLINGTON SA GUNNERS 2013,HADDON TWP-Homestead Youth Association,,
05/12/2024,14:00,14354729,,GotSport,Soccer,U-9,PITTSGROVE SOCCER CLUB PSC GALAXY '15,MEDFORD SC GOLD 2015,PITTSGROVE-GREEN BRANCH,,
05/12/2024,14:00,14353209,,GotSport,Soccer,U-13,CHERRY HILL SC CHERRY HILL SC FUSION (2011) - BOYS,MOUNT LAUREL UNITED (MLU) WARRIORS 2011,CHSC - CH WEST HS,,
05/12/2024,14:00,14354700,,GotSport,Soccer,U-11,MOORESTOWN SC FALCONS 2013,PALMYRA RIVERTON SC HURRICANES 2013,MOORESTOWN - SALEM RD/PRYOR PARK,,
05/12/2024,14:00,14353282,,GotSport,Soccer,U-13,NORTHERN BURLINGTON SA HOOLIGANS 2011,WINSLOW WILDCATS 2011,NB- MANSFIELD TOWNSHIP ELEMENTARY SCHOOL,,
05/12/2024,14:00,14354905,,GotSport,Soccer,U-15,UPPER TOWNSHIP SA AVALANCHE 2009,MONROE TOWNSHIP YS UNITED 2009,UPPER TWP-Amanda's Field Complex,,
05/12/2024,14:00,14354398,,GotSport,Soccer,U-11,VOORHEES COSMOS 2013,HADDONFIELD SC WHITE 2013,VOORHEES-Echelon Complex,,
05/12/2024,14:00,14354633,,GotSport,Soccer,U-14,WASHINGTON TWP SOCCER CLUB REVOLUTION 2010,WOODSTOWN WARRIORS 2010,WASHINGTON TWP-WASH LAKE PARK,,
05/12/2024,14:00,14354623,,GotSport,Soccer,U-14,EAST GREENWICH SA EGSA CHARGERS 2010,VOORHEES SA THUNDER 2010,E GREENWICH - THOMPSON FAMILY PARK,,
05/12/2024,14:00,14354594,,GotSport,Soccer,U-11,WOODBURY SOCCER CLUB WOODBURY BISON 2013,WINSLOW SHARKS 2013,WOODBURY,,
05/12/2024,14:00,14353493,,GotSport,Soccer,U-8,FRANKLIN TOWNSHIP YOUTH SOCCER ASSOCIATION UNITED 2016,NORTHERN BURLINGTON FORCE 2016,FRANKLIN TWP YOUTH COMPLEX,,
05/12/2024,14:00,14354472,,GotSport,Soccer,U-9,HIGHLAND YOUTH SOCCER CLUB FIRE 2015,HADDONFIELD SC RED 2015 B,HIGHLAND - GLOUCESTER TWP PARK,,
05/12/2024,14:00,14353547,,GotSport,Soccer,U-10,MEDFORD SC AVENGERS 2014,UPPER TOWNSHIP SA HURRICANES GREEN 2014,MEDFORD - BENDE PARK,,
05/12/2024,14:00,14355146,,GotSport,Soccer,U-10,SOUTH HARRISON RENEGADES,WOODSTOWN WOLFPACK 2014,SOUTH HARRISON - STEWART,,
05/12/2024,14:00,14354184,,GotSport,Soccer,U-17,HARRISON SC AVENGERS 2007,WASHINGTON TWP SOCCER CLUB SPARTANS 2007,HARRISON - William Wilt Soccer Complex,,
05/12/2024,14:00,14354004,,GotSport,Soccer,U-9,MARLTON SC CHIEFS WHITE 2015,WEST DEPTFORD SC ANIMALS 2015,MARLTON - MEMORIAL,,
05/12/2024,14:00,14355104,,GotSport,Soccer,U-10,HADDON HEIGHTS SC 2014 MIGHTY TITANS,CINNAMINSON SC AVENGERS 2014,HADD HGTS - DEVON,,
05/12/2024,14:00,14352718,,GotSport,Soccer,U-9,CAPE EXPRESS CE SILVER STREAK 2015,AUDUBON SOCCER YOUTH BOYS 2015 - HAMMERS,CAPE EX SOCCER COMPLEX At Ockie Wisting,,
05/12/2024,14:00,14355082,,GotSport,Soccer,U-10,SENECA UNITED SC 2014 THUNDER,GATEWAY UNITED SOCCER CLUB GREYHOUNDS 2014,SENECA - STONEY CREEK FIELDS,,
05/12/2024,14:15,14354535,,GotSport,Soccer,U-14,WINSLOW SLAYERS 2010,UPPER TOWNSHIP SA RIPTIDE 2010,WINSLOW TWP - PETER VOLPA,,
05/12/2024,14:15,14354808,,GotSport,Soccer,U-11,PENNS GROVE WILD 2013,HADDONFIELD SC BLACK 2013,PG-CP-PED- Carney's Point Rec Center,,
05/12/2024,14:15,14355045,,GotSport,Soccer,U-11,PITMAN SA TOMCATS 2013,MOUNT LAUREL UNITED (MLU) GALAXY 2013,TBA,,
05/12/2024,14:30,14353418,,GotSport,Soccer,U-9,CINNAMINSON SC RED DEVILS 2015,WINSLOW TITANS 2015,CINNAMINSON SC - MEMORIAL,,
05/12/2024,14:30,14352930,,GotSport,Soccer,U-11,SJ FUTBOL CLUB SOUNDERS 2013,MAINLAND UNITED SA MUSTANGS 2014 B,SJFC - UPPER DEERFIELD RECREATION COMPLEX,,
05/12/2024,14:30,14354583,,GotSport,Soccer,U-11,COLLINGSWOOD OAKLYN SOCCER CLUB ROVERS 2013,EAST GREENWICH SA EGSA PANTHERS 2013,COSC- Oaklyn Public School,,
05/12/2024,14:30,14353781,,GotSport,Soccer,U-10,WASHINGTON UNITED SOCCER CLUB WUSC 2014,MONROE TOWNSHIP YS UNITED 2014,WASHINGTON TWP. - Levy Fields (Virtua),,
05/12/2024,14:30,14353859,,GotSport,Soccer,U-9,MOUNT LAUREL UNITED (MLU) MLU KNIGHTS 2015 BOYS,HADDON TWP WHITE HAWKS 2015,MLU-TROTTERS,,
05/12/2024,14:30,14354396,,GotSport,Soccer,U-11,MAINLAND UNITED SA STANGS 2013 B,GATEWAY UNITED SOCCER CLUB SHARKS 2013,MAINLAND - MEMORIAL PARK,,
05/12/2024,14:30,14353069,,GotSport,Soccer,U-11,MOUNT LAUREL UNITED (MLU) TIGERS 2013,HIGHLAND YOUTH SOCCER CLUB CHAOS 2013,MLU-TROTTERS,,
05/12/2024,14:30,14353650,,GotSport,Soccer,U-8,MOORESTOWN SC PANTHERS 2016,HADDONFIELD SC REBELS 2016 B,MOORESTOWN - MEMORIAL FIELDS,,
05/12/2024,14:30,14353925,,GotSport,Soccer,U-12,CHERRY HILL FC 2012 JUNIORS BLACK,MILLVILLE LYNX 2012,CHFC - DeCOU,,
05/12/2024,14:30,14353839,,GotSport,Soccer,U-10,TBAA SYNDICATE 2014,RANCOCAS VALLEY SC '14 - CELTIC,TBAA-VALLEY BROOK,,
05/12/2024,14:30,14352999,,GotSport,Soccer,U-8,DELRAN FC UNION 2016,MARLTON SC CHIEFS ORANGE 2016,DELRAN-DEUTSCH FIELD,,
05/12/2024,14:30,14355065,,GotSport,Soccer,U-10,CHERRY HILL SC CHERRY HILL SC FORCE 2014,CLAYTON SA 2014 CLIPPERS,CHSC - UPPER CHAPEL TURF,,
05/12/2024,14:30,14354706,,GotSport,Soccer,U-9,CINNAMINSON SC PIRATES SEA DOGS 2015,EAST GREENWICH SA EGSA TIGERS 2015,CINNAMINSON SC - MEMORIAL,,
05/12/2024,14:30,14353687,,GotSport,Soccer,U-8,VOORHEES SA VENGEANCE 2016,CHERRY HILL FC 2016 JUNIOR RED,VOORHEES-Echelon Complex,,
05/12/2024,14:30,14354363,,GotSport,Soccer,U-10,WEST DEPTFORD SC EAGLES 2014,DELRAN FC HAWKS 2014,W DEPTFORD-WD PARK,,
05/12/2024,14:30,14353394,,GotSport,Soccer,U-11,WASHINGTON TWP SOCCER CLUB DAREDEVILS 2013,CHERRY HILL FC 2013 JUNIOR BLACK - RED HAWKS,WASHINGTON TWP-WASH LAKE PARK,,
05/12/2024,14:30,14355123,,GotSport,Soccer,U-10,HARRISON WAVE 2014,AUDUBON ATTACK - BOYS 2014,HARRISON - William Wilt Soccer Complex,,
05/12/2024,14:30,14355122,,GotSport,Soccer,U-10,MANTUA TOWNSHIP SA OUTLAWS 2014,BORDENTOWN FC UNION 2014,MANTUA TWP,,
05/12/2024,14:30,14354333,,GotSport,Soccer,U-9,HAMMONTON HEAT 2015,MAINLAND UNITED SA BRONCOS 2015,HAMMONTON - MOSS MILL RD PARK SOCCER COMPLEX,,
05/12/2024,14:30,14354708,,GotSport,Soccer,U-9,DEPTFORD LIGHTNING 2015,MILLVILLE WARRIORS 2015,DEPTFORD SC,,
05/12/2024,14:45,14352619,,GotSport,Soccer,U-8,SWEDESBORO WOOLWICH SOCCER ASSOC. SWSA VENOM 2016,CHERRY HILL SC CHERRY HILL SC 72S (2016) - BOYS,SW-Locke Avenue Park,,
05/12/2024,14:45,14354005,,GotSport,Soccer,U-9,MAPLE SHADE WILD 2015,HADDON HEIGHTS SC 2015 CHEETAHS,MAPLE SHADE - TURF FIELD,,
05/12/2024,14:45,14353442,,GotSport,Soccer,U-12,VINELAND SA JERSEY BOYZ 2012,RANCOCAS VALLEY SC BOYS 2012 - AVENGERS,VINELAND SA,,
05/12/2024,15:00,14352970,,GotSport,Soccer,U-11,HADDON HEIGHTS SC 2013 YOUNG BOYS,MONROE TOWNSHIP YS UNITED 2013,HADD HGTS - DEVON,,
05/12/2024,15:00,14355173,,GotSport,Soccer,U-10,WEST DEPTFORD SC AVALANCHE 2014,EAST GREENWICH SA EGSA EAGLES 2014,W DEPTFORD-WD PARK,,
05/12/2024,15:15,14354046,,GotSport,Soccer,U-16,SWEDESBORO WOOLWICH SOCCER ASSOC. SWSA SCORPIONS 2008,BURLINGTON TOWNSHIP SOCCER BULLS 2008,SW-Locke Avenue Park,,
05/12/2024,15:20,14354498,,GotSport,Soccer,U-15,DEPTFORD REBELS 2009,SWEDESBORO WOOLWICH SOCCER ASSOC. SWSA FORCE 2009,DEPTFORD SC,,
05/12/2024,15:20,14354078,,GotSport,Soccer,U-15,PENNSAUKEN YOUTH SOCCER CLUB STORM 2009,MARLTON SC CHIEFS ORANGE 2009,Pennsauken Community Recreation Facility,,
05/12/2024,15:30,14354122,,GotSport,Soccer,U-13,MANTUA TOWNSHIP SA UNION 2011,MAINLAND UNITED SA MUSTANGS 2011 B,MANTUA TWP,,
05/12/2024,15:30,14354029,,GotSport,Soccer,U-16,WASHINGTON TWP SOCCER CLUB GLADIATORS 2008,MILLVILLE PHANTOMS,WASHINGTON TWP-WASH LAKE PARK,,
05/12/2024,15:30,14354165,,GotSport,Soccer,U-12,SOUTH HARRISON TOWNSHIP SOCCER CLUB STRIKERS 2012,SENECA UNITED SC 2012 PRIDE,SOUTH HARRISON - STEWART,,
05/12/2024,15:30,14354012,,GotSport,Soccer,U-9,BERLIN SOCCER CLUB BERSERKERS 2015,COHANSEY SC DYNASTY 2015,BERLIN SC - FRANKLIN FIELDS,,
05/12/2024,15:30,14353971,,GotSport,Soccer,U-15,VOORHEES SA AMBUSH 2009,EGG HARBOR SC EAGLES 2009,VOORHEES-EASTERN HS,,
05/12/2024,15:30,14353864,,GotSport,Soccer,U-9,HARRISON STRIKERS 2015,WASHINGTON UNITED 2015 BOYS,HARRISON - William Wilt Soccer Complex,,
05/12/2024,15:30,14353844,,GotSport,Soccer,U-10,MEDFORD SC CAROLINA 2014,PENNSAUKEN YOUTH SOCCER CLUB AVENGERS 2014,MEDFORD - BENDE PARK,,
05/12/2024,15:30,14354291,,GotSport,Soccer,U-11,TAR-KILL SOCCER CLUB TARKILL KNIGHTS 2013,CHERRY HILL SC CHERRY HILL SC UNITED 2014,TARKILL-STERLING HS,,
05/12/2024,15:30,14353779,,GotSport,Soccer,U-10,EAST GREENWICH SA EGSA TITANS 2014,CAPE EXPRESS CE 2014 UNION,E GREENWICH - THOMPSON FAMILY PARK,,
05/12/2024,15:30,14354341,,GotSport,Soccer,U-9,SENECA UNITED SC 2015 RAPTORS,UPPER TOWNSHIP SA COMETS 2015,SENECA - STONEY CREEK FIELDS,,
05/12/2024,15:30,14354370,,GotSport,Soccer,U-10,VOORHEES SA LIGHTNING 2014,MOORESTOWN SC GUARDIANS 2014,VOORHEES-Echelon Complex,,
05/12/2024,15:30,14353703,,GotSport,Soccer,U-8,HIGHLAND YOUTH SOCCER CLUB BOYS 2016,WASHINGTON TWP SOCCER CLUB THUNDER 2016,HIGHLAND - GLOUCESTER TWP PARK,,
05/12/2024,15:30,14354397,,GotSport,Soccer,U-11,MILLVILLE REBELS 2013,BURLINGTON COUNTY SOCCER ACADEMY DEL-SIDE SC 2013B,MILLVILLE SOCCER COMPLEX,,
05/12/2024,15:30,14353591,,GotSport,Soccer,U-13,MARLTON SC CHIEFS ORANGE 2012,PENNSAUKEN YOUTH SOCCER CLUB WARRIORS 2011,MARLTON - MEMORIAL,,
05/12/2024,15:30,14353564,,GotSport,Soccer,U-10,PITTSGROVE SOCCER CLUB PSC PHANTOMS '14,TBAA OUTLAWS 2014,PITTSGROVE-GREEN BRANCH,,
05/12/2024,15:30,14353502,,GotSport,Soccer,U-8,HADDON HEIGHTS SC 2016 RUCKUS,HAMMONTON HEAT 2016,HADD HGTS - DEVON,,
05/12/2024,15:30,14353473,,GotSport,Soccer,U-9,ATLANTIC UNITED PREMIER FIRE 2015 B,PENNSVILLE EAGLES 2015,ATLANTIC - TARTAGLIO,,
05/12/2024,15:30,14354610,,GotSport,Soccer,U-14,HADDON TWP RED HAWKS 2010,PITMAN SA PUMAS 2010,HADDON TWP - RECCHINO FIELDS,,
05/12/2024,15:30,14353397,,GotSport,Soccer,U-9,CHERRY HILL FC 2015 JUNIOR BLACK,NORTHERN BURLINGTON JACKALS BLUE 2015,CHFC - DeCOU,,
05/12/2024,15:30,14353378,,GotSport,Soccer,U-11,MOORESTOWN SC RAPTORS 2013,CHERRY HILL SC CHERRY HILL SC FORCE 2013,MOORESTOWN - SALEM RD/PRYOR PARK,,
05/12/2024,15:30,14354661,,GotSport,Soccer,U-14,HARRISON SC STORM 2010,WOODSTOWN WOLVERINES 2010,HARRISON - William Wilt Soccer Complex,,
05/12/2024,15:30,14354662,,GotSport,Soccer,U-14,EDGEWATER PARK ATHLETIC ASSOCIATION EP WIZARDS 2010,AUDUBON SOCCER YOUTH UNITED 2010,EPAA - Weimann Sports Complex,,
05/12/2024,15:30,14354663,,GotSport,Soccer,U-14,GATEWAY UNITED SOCCER CLUB JAGUARS 2010,PALMYRA RIVERTON SC UNION 2010,GATEWAY UTD. - WESTVILLE,,
05/12/2024,15:30,14353330,,GotSport,Soccer,U-14,MEDFORD SC MAD DOGS WHITE 2010,WEST DEPTFORD SC HORNETS 2010,MEDFORD - BENDE PARK,,
05/12/2024,15:30,14353285,,GotSport,Soccer,U-13,EAST GREENWICH SA EGSA FURY 2011,VOORHEES SA BLUES 2011,E GREENWICH - THOMPSON FAMILY PARK,,
05/12/2024,15:30,14353270,,GotSport,Soccer,U-8,CAPE EXPRESS - CE NOR'EASTERS 2016,EGG HARBOR SC EAGLES 2016,CAPE EX SOCCER COMPLEX At Ockie Wisting,,
05/12/2024,15:30,14353267,,GotSport,Soccer,U-8,MEDFORD SC WHITE 2016,MONROE UNITED 2016 BOYS,MEDFORD - BENDE PARK,,
05/12/2024,15:30,14353214,,GotSport,Soccer,U-13,DELRAN FC BLAST 2011,VINELAND SA STRIKERS 2011,DELRAN-DEUTSCH FIELD,,
05/12/2024,15:30,14354752,,GotSport,Soccer,U-10,MARLTON SC CHIEFS BLACK 2014,COLLINGSWOOD OAKLYN SOCCER CLUB OUTLAWS 2014,MARLTON - MEMORIAL,,
05/12/2024,15:30,14354793,,GotSport,Soccer,U-13,MEDFORD SC COLUMBIA 2011,BURLINGTON TOWNSHIP SOCCER REBELS 2011,MEDFORD - BENDE PARK,,
05/12/2024,15:30,14354812,,GotSport,Soccer,U-11,LOGAN FLASH 2013,WOODSTOWN WOLVERINES 2013,LOGAN - TWP LINE,,
05/12/2024,15:30,14354838,,GotSport,Soccer,U-12,HIGHLAND YOUTH SOCCER CLUB MUSTANGS 2012,HARRISON WILDCATS 2012,HIGHLAND - GLOUCESTER TWP PARK,,
05/12/2024,15:30,14353109,,GotSport,Soccer,U-11,MEDFORD SC MAYHEM 2013,BURLINGTON TOWNSHIP SOCCER STRIKERS 2013,MEDFORD - BENDE PARK,,
05/12/2024,15:30,14354927,,GotSport,Soccer,U-13,PENNSVILLE SOCCER ASSOCIATION EAGLES 2011,CLAYTON SA 2011 CLIPPERS,PENNSVILLE,,
05/12/2024,15:30,14354965,,GotSport,Soccer,U-9,PENNS GROVE LIGHTNING 2015,SENECA UNITED SC 2015 PARK RANGERS,PG-CP-PED- Carney's Point Rec Center,,
05/12/2024,15:30,14354997,,GotSport,Soccer,U-13,CINNAMINSON SC STORM 2011,PALMYRA RIVERTON SC WARRIORS 2011,CINNAMINSON SC - MEMORIAL,,
05/12/2024,15:30,14355026,,GotSport,Soccer,U-13,HARRISON SC ARSENAL 2011,HADDONFIELD SC WHITE 2011,HARRISON - William Wilt Soccer Complex,,
05/12/2024,15:30,14352764,,GotSport,Soccer,U-10,PALMYRA RIVERTON SC TORNADOES 2014,TAR-KILL SOCCER CLUB TARKILL SPURS 2014,TBA,,
05/12/2024,15:30,14355193,,GotSport,Soccer,U-14,FRANKLIN TOWNSHIP YOUTH SOCCER ASSOCIATION STORM 2010,HADDONFIELD SC WHITE 2010,FRANKLIN TWP YOUTH COMPLEX,,
05/12/2024,15:30,14354557,,GotSport,Soccer,U-10,PITMAN SA BENGALS 2014,UPPER TOWNSHIP SA HURRICANES WHITE 2014,PITMAN - Dell,,
05/12/2024,15:30,14353112,,GotSport,Soccer,U-11,VOORHEES SA RAPTORS 2013,NORTHERN BURLINGTON SA BLUE DEVILS II 2014,VOORHEES-Echelon Complex,,
05/12/2024,15:30,14354123,,GotSport,Soccer,U-13,EGG HARBOR SC EAGLES WHITE 2012,BORDENTOWN FC JAGUARS 2011,EGG HARBOR - BARGAINTOWN,,
05/12/2024,15:45,14352696,,GotSport,Soccer,U-8,TBAA KNIGHTS 2016,RANCOCAS VALLEY SC 2016 BOYS PREMIER,TBAA-VALLEY BROOK,,
05/12/2024,15:45,14352745,,GotSport,Soccer,U-9,CINNAMINSON SC RAPTORS 2015,EGG HARBOR SC EAGLES 2015,CINNAMINSON SC - MEMORIAL,,
05/12/2024,15:45,14353717,,GotSport,Soccer,U-8,MOORESTOWN SC WOLFPACK 2016,MAINLAND UNITED SA MUSTANGS 2016 B,MOORESTOWN - MEMORIAL FIELDS,,
05/12/2024,15:45,14352660,,GotSport,Soccer,U-11,CHERRY HILL FC 2013 DEVILS,RANCOCAS VALLEY SC MESSI 2013,CHFC - DeCOU,,
05/12/2024,15:45,14353129,,GotSport,Soccer,U-11,MOUNT LAUREL UNITED (MLU) COMETS 2013,CINNAMINSON SC THUNDERBIRDS 2013,MLU-TROTTERS,,
05/12/2024,15:45,14353472,,GotSport,Soccer,U-9,LOGAN ARMADA 2015,NORTHERN BURLINGTON JACKALS WHITE 2015,LOGAN - TWP LINE,,
05/12/2024,15:45,14353641,,GotSport,Soccer,U-8,WEST DEPTFORD SC WILDCATS 2016,DELRAN FC SOCCER 2016 SHARKS,W DEPTFORD-WD PARK,,
05/12/2024,15:45,14353542,,GotSport,Soccer,U-8,WASHINGTON TWP SOCCER CLUB WOLVES 2016,WEST DEPTFORD SC TSUNAMI 2016,WASHINGTON TWP. - Levy Fields (Virtua),,
05/12/2024,15:45,14353617,,GotSport,Soccer,U-11,SJ FUTBOL CLUB SJFC FLYERS 2014 (ELITE),WEST DEPTFORD WIZARDS 2013,SJFC - UPPER DEERFIELD RECREATION COMPLEX,,
05/12/2024,15:45,14354477,,GotSport,Soccer,U-9,CHERRY HILL SC CHERRY HILL SC WARRIORS 2015,MEDFORD STRIKERS 2015 BOYS,CHSC - UPPER CHAPEL TURF,,
05/12/2024,15:45,14353527,,GotSport,Soccer,U-8,NORTHERN BURLINGTON BOOM 2016,PITMAN SA BOBCATS 2016,NB Georgetown Park,,
05/12/2024,15:45,14353827,,GotSport,Soccer,U-10,MOUNT LAUREL UNITED (MLU) MLU THUNDER,MARLTON SC CHIEFS WHITE 2014,MLU-TROTTERS,,
05/12/2024,15:45,14353615,,GotSport,Soccer,U-11,COLLINGSWOOD COBRAS 2013,HADDON TWP RED HAWKS 2014,COSC- Oaklyn Public School,,
05/12/2024,15:45,14354343,,GotSport,Soccer,U-9,DEPTFORD THUNDER 2015,MOUNT LAUREL UNITED (MLU) MLU WOLFPACK 2015,DEPTFORD SC,,
05/12/2024,15:45,14354266,,GotSport,Soccer,U-12,WASHINGTON TWP SOCCER CLUB LIGHTNING 2012,CHERRY HILL SC CHERRY HILL SC BULLS (2012) - BOYS,WASHINGTON TWP-WASH LAKE PARK,,
05/12/2024,15:45,14352931,,GotSport,Soccer,U-11,HAMMONTON YSA HAMMONTON HEAT 2013,HIGHLAND YOUTH SOCCER CLUB FURY 2013,HAMMONTON - MOSS MILL RD PARK SOCCER COMPLEX,,
05/12/2024,15:45,14353184,,GotSport,Soccer,U-12,DELRAN FC FLASH 2012,CAPE EXPRESS WHITE CAPS 2012,DELRAN-DEUTSCH FIELD,,
05/12/2024,15:45,14352855,,GotSport,Soccer,U-9,MANTUA TOWNSHIP SA FROGS 2015,MONROE TOWNSHIP YS 2015 UNITED BLUE,MANTUA TWP,,
05/12/2024,15:45,14352716,,GotSport,Soccer,U-9,UPPER TOWNSHIP SA SUPER SONICS 2015,RANCOCAS VALLEY SC BOYS STEALTH 2015,UPPER TWP-Amanda's Field Complex,,
05/12/2024,15:45,14353913,,GotSport,Soccer,U-12,PITMAN SA JAGUARS 2012,CLAYTON SA 2012 CLIPPERS,TBA,,
05/12/2024,15:45,14354221,,GotSport,Soccer,U-12,MAINLAND UNITED SA STANGS 2012,MARLTON SC CHIEFS BLACK 2012,MAINLAND - MEMORIAL PARK,,
05/12/2024,15:45,14353713,,GotSport,Soccer,U-8,VOORHEES SA DESTROYERS 2016,HADDONFIELD SC FIRE 2016 B,VOORHEES-Echelon Complex,,
05/12/2024,15:45,14354741,,GotSport,Soccer,U-10,HADDONFIELD SC BLACK 2014,EGG HARBOR SC EAGLES 2014 WHITE,HADDONFIELD - CROWS WOODS,,
05/12/2024,15:45,14352629,,GotSport,Soccer,U-8,HARRISON HORNETS 2016,TBAA RENEGADES 2016,HARRISON - William Wilt Soccer Complex,,
05/12/2024,15:45,14353916,,GotSport,Soccer,U-12,CINNAMINSON SC WARRIORS 2012,FRANKLIN TOWNSHIP YOUTH SOCCER ASSOCIATION CRUSADERS 2012,CINNAMINSON SC - MEMORIAL,,
05/12/2024,16:00,14352677,,GotSport,Soccer,U-11,VINELAND TERMINATORS 2014,MARLTON SC CHIEFS BLACK 2013,VINELAND SA,,
05/12/2024,16:00,14353266,,GotSport,Soccer,U-8,SWEDESBORO WOOLWICH SOCCER ASSOC. SWSA HAVOC 2016,PITTSGROVE SOCCER CLUB PSC PRIME '16,SW-Locke Avenue Park,,
05/12/2024,16:00,14353497,,GotSport,Soccer,U-8,MAPLE SHADE SHARKS 2016,GATEWAY UNITED SOCCER CLUB 2016 GUSC BLUES,MAPLE SHADE - TURF FIELD,,
05/12/2024,17:00,14353953,,GotSport,Soccer,U-14,BERLIN SOCCER CLUB BRAWLERS 2010,BURLINGTON COUNTY SOCCER ACADEMY DEL-SIDE SC 2010B,BERLIN SC - FRANKLIN FIELDS,,
05/12/2024,17:00,14354411,,GotSport,Soccer,U-13,CHERRY HILL SC CHAOS 2011,CHERRY HILL SC BLUE ARMY 2012,CHSC - CH WEST HS,,
05/13/2024,18:00,14353545,,GotSport,Soccer,U-8,LOGAN APOLLO 2016,HADDON TWP WHITE HAWKS 2016,LOGAN - TWP LINE,,
05/13/2024,18:00,14353237,,GotSport,Soccer,U-9,MOORESTOWN SC VIPERS 2015,CHERRY HILL FC 2015 JUNIOR RED,MOORESTOWN - MEMORIAL FIELDS,,
05/13/2024,18:30,14353144,,GotSport,Soccer,U-11,DELRAN FC SOCCER DELRAN FC 2013 UNITED,MOUNT LAUREL UNITED (MLU) COMETS 2013,DELRAN-DEUTSCH FIELD,,
05/13/2024,18:30,14353326,,GotSport,Soccer,U-14,NORTHERN BURLINGTON SA BLAST 2010,WEST DEPTFORD SC HORNETS 2010,NB- MANSFIELD TOWNSHIP ELEMENTARY SCHOOL,,
05/13/2024,19:00,14354229,,GotSport,Soccer,U-12,LOGAN FORCE 2012,WINSLOW DYNAMO 2012,LOGAN - TWP LINE,,
05/13/2024,19:00,14353021,,GotSport,Soccer,U-12,DEPTFORD VENOM 2012,CINNAMINSON SC CHARGE 2012,CINNAMINSON SC - MEMORIAL,,
05/14/2024,18:00,14353861,,GotSport,Soccer,U-9,SWEDESBORO WOOLWICH SOCCER ASSOC. SWSA STRIKERS 2015,HADDON TWP WHITE HAWKS 2015,SW-Locke Avenue Park,,
05/14/2024,18:30,14353750,,GotSport,Soccer,U-13,MOUNT LAUREL UNITED (MLU) FLASH 2011,UPPER TOWNSHIP SA TSUNAMIS 2011,MLU-TROTTERS,,
05/15/2024,18:00,14355149,,GotSport,Soccer,U-10,SOUTH HARRISON RENEGADES,EAST GREENWICH SA EGSA EAGLES 2014,SOUTH HARRISON - STEWART,,
05/15/2024,18:45,14352967,,GotSport,Soccer,U-11,MOORESTOWN SC GOLDEN EAGLES 2013,MARLTON SC CHIEFS ORANGE 2014,MOORESTOWN - SALEM RD/PRYOR PARK,,
05/17/2024,18:00,14355012,,GotSport,Soccer,U-13,WOODSTOWN FURY 2011,HARRISON SC ARSENAL 2011,WOODSTOWN,,
05/17/2024,18:45,14354085,,GotSport,Soccer,U-15,LOGAN REBELS 2009,MAPLE SHADE BLUE FLAMES 2009,LOGAN - TWP LINE,,
05/18/2024,10:30,14354161,,GotSport,Soccer,U-12,SENECA UNITED SC 2012 PRIDE,SOUTH HARRISON TOWNSHIP SOCCER CLUB STRIKERS 2012,SENECA - STONEY CREEK FIELDS,,
05/18/2024,11:00,14352641,,GotSport,Soccer,U-11,CAPE EXPRESS AVENGERS 2013,RANCOCAS VALLEY SC MESSI 2013,VOORHEES-Echelon Complex,,
05/18/2024,12:00,14352783,,GotSport,Soccer,U-15,NORTHERN BURLINGTON SA BULLDOGS 2009,CHERRY HILL SC FORCE 2009,NB- MANSFIELD TOWNSHIP ELEMENTARY SCHOOL,,
05/18/2024,14:00,14354725,,GotSport,Soccer,U-9,MEDFORD SC GOLD 2015,EAST GREENWICH SA EGSA TIGERS 2015,MEDFORD - BENDE PARK,,
05/19/2024,10:30,14352905,,GotSport,Soccer,U-14,CAPE EXPRESS CE 2010 BLUE CRUSH,MOUNT LAUREL UNITED (MLU) FORCE 2010,MLU-LENAPE HS TURF FIELD,,
05/19/2024,11:00,14354890,,GotSport,Soccer,U-15,PENNS GROVE SC HEAT 2009,WINSLOW VIPERS 2009,PG-CP-PED- Carney's Point Rec Center,,
05/19/2024,11:00,14354642,,GotSport,Soccer,U-14,DEPTFORD BRUTE FORCE 2010,WASHINGTON TWP SOCCER CLUB REVOLUTION 2010,DEPTFORD SC,,
05/19/2024,11:00,14354021,,GotSport,Soccer,U-16,WASHINGTON TWP SOCCER CLUB GLADIATORS 2008,MONROE TOWNSHIP YS UNITED BLUE 2008,WASHINGTON TWP-WASH LAKE PARK,,
05/19/2024,11:00,15581235,,GotSport,Soccer,U-18,WOODSTOWN WOLVERINES 2007,HADDON HEIGHTS SC 2009 GARNETS,WOODSTOWN,,
05/19/2024,11:00,14353619,,GotSport,Soccer,U-11,COLLINGSWOOD COBRAS 2013,SJ FUTBOL CLUB SJFC FLYERS 2014 (ELITE),COSC- Oaklyn Public School,,
05/19/2024,11:00,14354180,,GotSport,Soccer,U-17,VINELAND SA VIKINGS 2007,MAINLAND UNITED SA H.S. BOYS UNITED 2007,VINELAND SA,,
05/19/2024,11:00,14352969,,GotSport,Soccer,U-11,MONROE TOWNSHIP YS UNITED 2013,PITTSGROVE SOCCER CLUB PSC REVOLUTION '13,MONROE TWP - CORKERY LANE,,
05/19/2024,11:00,14354842,,GotSport,Soccer,U-12,HADDON TWP WHITE HAWKS 2012,HIGHLAND YOUTH SOCCER CLUB MUSTANGS 2012,HADDON TWP-Homestead Youth Association,,
05/19/2024,11:00,14353395,,GotSport,Soccer,U-11,CHERRY HILL FC 2013 JUNIOR BLACK - RED HAWKS,NORTHERN BURLINGTON SA BLUES 2013,CHFC - DeCOU,,
05/19/2024,11:30,14354044,,GotSport,Soccer,U-16,SWEDESBORO WOOLWICH SOCCER ASSOC. SWSA SCORPIONS 2008,MANTUA TOWNSHIP SA STRIKERS 2009,SW-Locke Avenue Park,,
05/19/2024,12:00,14353787,,GotSport,Soccer,U-12,EGG HARBOR SC EAGLES BLACK 2012,WASHINGTON TWP SOCCER CLUB PREDATORS 2012,EGG HARBOR - BARGAINTOWN,,
05/19/2024,12:00,14353185,,GotSport,Soccer,U-12,DELRAN FC FLASH 2012,PITTSGROVE SOCCER CLUB PSC SPURS '12,DELRAN-DEUTSCH FIELD,,
05/19/2024,12:00,14352946,,GotSport,Soccer,U-11,HARRISON SC LIGHTNING 2013,MOORESTOWN SC GOLDEN EAGLES 2013,HARRISON - William Wilt Soccer Complex,,
05/19/2024,12:00,14353876,,GotSport,Soccer,U-9,HARRISON BLUE ARSENAL 2015,COHANSEY SC DYNAMO 2015,HARRISON - William Wilt Soccer Complex,,
05/19/2024,12:00,14355141,,GotSport,Soccer,U-10,HADDONFIELD SC WHITE 2014 B,HADDON TWP WHITE HAWKS 2014,HADDONFIELD - CROWS WOODS,,
05/19/2024,12:00,14353928,,GotSport,Soccer,U-14,BERLIN SOCCER CLUB BRAWLERS 2010,RANCOCAS VALLEY SC BOYS 2010 CELTIC,BERLIN SC - FRANKLIN FIELDS,,
05/19/2024,12:00,14353359,,GotSport,Soccer,U-9,MOORESTOWN SC MANTA RAYS 2015,WASHINGTON TWP SOCCER CLUB RAPTORS 2015,MOORESTOWN - MEMORIAL FIELDS,,
05/19/2024,12:00,14354523,,GotSport,Soccer,U-14,WINSLOW SLAYERS 2010,ATLANTIC UNITED PREMIER STRIKERS 2010/11 B,WINSLOW TWP - PETER VOLPA,,
05/19/2024,12:00,14354539,,GotSport,Soccer,U-10,PITMAN SA BENGALS 2014,HADDONFIELD SC RED 2014 B,PITMAN - Dell,,
05/19/2024,12:15,14352663,,GotSport,Soccer,U-11,CHERRY HILL FC 2013 DEVILS,VOORHEES SA PREDATORS 2013,CHFC - DeCOU,,
05/19/2024,12:30,14353841,,GotSport,Soccer,U-10,MEDFORD SC CAROLINA 2014,RANCOCAS VALLEY SC '14 - CELTIC,MEDFORD - BENDE PARK,,
05/19/2024,12:30,14355090,,GotSport,Soccer,U-10,HADDON HEIGHTS SC 2014 MIGHTY TITANS,SENECA UNITED SC 2014 THUNDER,HADD HGTS - DEVON,,
05/19/2024,12:30,14355092,,GotSport,Soccer,U-10,CINNAMINSON SC AVENGERS 2014,GATEWAY UNITED SOCCER CLUB GREYHOUNDS 2014,CINNAMINSON SC - MEMORIAL,,
05/19/2024,12:30,14353467,,GotSport,Soccer,U-9,ATLANTIC UNITED PREMIER FIRE 2015 B,NORTHERN BURLINGTON JACKALS WHITE 2015,ATLANTIC - TARTAGLIO,,
05/19/2024,12:30,14353117,,GotSport,Soccer,U-11,MEDFORD STRIKERS 2013 BOYS,CINNAMINSON SC THUNDERBIRDS 2013,MEDFORD STRIKERS - ARK ROAD COMPLEX,,
05/19/2024,12:30,14353732,,GotSport,Soccer,U-13,MOUNT LAUREL UNITED (MLU) FLASH 2011,CAPE EXPRESS SURGE 2011,MLU-TROTTERS,,
05/19/2024,12:30,14353024,,GotSport,Soccer,U-12,TAR-KILL SOCCER CLUB TARKILL LIVERPOOL 2012,DEPTFORD VENOM 2012,TARKILL-STERLING HS,,
05/19/2024,12:30,14353791,,GotSport,Soccer,U-12,MOUNT LAUREL UNITED (MLU) IMPACT 2012,SWEDESBORO WOOLWICH SOCCER ASSOC. SWSA SHARKS 2012,MLU-TROTTERS,,
05/19/2024,12:30,14354942,,GotSport,Soccer,U-9,SENECA UNITED SC 2015 PARK RANGERS,VINELAND AVENGERS 2015,SENECA - STONEY CREEK FIELDS,,
05/19/2024,12:30,14354273,,GotSport,Soccer,U-12,LOGAN FUSION 2012,CINNAMINSON SC SKULLS 2012,LOGAN - TWP LINE,,
05/19/2024,12:30,14355150,,GotSport,Soccer,U-10,EAST GREENWICH SA EGSA EAGLES 2014,WASHINGTON TWP SOCCER CLUB WHITE WARRIORS 2014,E GREENWICH - THOMPSON FAMILY PARK,,
05/19/2024,12:30,14354952,,GotSport,Soccer,U-9,CHERRY HILL SC CHERRY HILL SC COMETS (2015) - BOYS,VOORHEES SA PYTHONS 2015,CHSC - UPPER CHAPEL TURF,,
05/19/2024,12:30,14354603,,GotSport,Soccer,U-14,EAST GREENWICH SA EGSA CHARGERS 2010,CINNAMINSON SC PIRATES 2010,E GREENWICH - THOMPSON FAMILY PARK,,
05/19/2024,12:30,14353172,,GotSport,Soccer,U-12,PITTSGROVE SOCCER CLUB PSC SPURS '12,MEDFORD SC DESTROYERS 2012,PITTSGROVE-GREEN BRANCH,,
05/19/2024,12:30,14354570,,GotSport,Soccer,U-11,COLLINGSWOOD OAKLYN SOCCER CLUB ROVERS 2013,WASHINGTON TWP SOCCER CLUB RAPTORS 2013,COSC- Oaklyn Public School,,
05/19/2024,12:30,14352893,,GotSport,Soccer,U-14,WASHINGTON TWP SOCCER CLUB RENEGADES 2010,CHERRY HILL SC THUNDERBOLTS 2010,WASHINGTON TWP-WASH LAKE PARK,,
05/19/2024,12:30,14355049,,GotSport,Soccer,U-10,MONROE TOWNSHIP YS UNITED BOYS 2014 BLUE,CLAYTON SA 2014 CLIPPERS,MONROE TWP - CORKERY LANE,,
05/19/2024,12:30,14354690,,GotSport,Soccer,U-11,PALMYRA RIVERTON SC HURRICANES 2013,MOORESTOWN SC FALCONS 2013,TBA,,
05/19/2024,12:30,14354125,,GotSport,Soccer,U-13,DEPTFORD TORNADOES 2011,MANTUA TOWNSHIP SA UNION 2011,DEPTFORD SC,,
05/19/2024,12:30,14354441,,GotSport,Soccer,U-14,DEPTFORD DEMONS 2010,PITTSGROVE SOCCER CLUB PSC CRUSH '10,DEPTFORD SC,,
05/19/2024,12:30,14353250,,GotSport,Soccer,U-8,SWEDESBORO WOOLWICH SOCCER ASSOC. SWSA HAVOC 2016,MEDFORD SC WHITE 2016,SW-Locke Avenue Park,,
05/19/2024,12:45,14354918,,GotSport,Soccer,U-13,PENNS GROVE SC RAGE 2011,CLAYTON SA 2011 CLIPPERS,PG-CP-PED- Carney's Point Rec Center,,
05/19/2024,12:45,14353201,,GotSport,Soccer,U-13,VINELAND SA STRIKERS 2011,MOUNT LAUREL UNITED (MLU) WARRIORS 2011,VINELAND SA,,
05/19/2024,13:00,14354993,,GotSport,Soccer,U-13,CINNAMINSON SC STORM 2011,MOORESTOWN SC LIGHTNING 2011,CINNAMINSON SC - MEMORIAL,,
05/19/2024,13:00,14353528,,GotSport,Soccer,U-8,NORTHERN BURLINGTON BOOM 2016,GATEWAY UNITED SOCCER CLUB THUNDER 2016,NB Georgetown Park,,
05/19/2024,13:00,14353276,,GotSport,Soccer,U-13,NORTHERN BURLINGTON SA HOOLIGANS 2011,PITTSGROVE SOCCER CLUB PSC WARRIORS '12,NB- MANSFIELD TOWNSHIP ELEMENTARY SCHOOL,,
05/19/2024,13:00,14354538,,GotSport,Soccer,U-10,DEPTFORD RENEGADES 2014,HIGHLAND YOUTH SOCCER CLUB THUNDER 2014,DEPTFORD SC,,
05/19/2024,13:15,14353078,,GotSport,Soccer,U-11,DELRAN FC SOCCER 2013B GREY,HIGHLAND YOUTH SOCCER CLUB CHAOS 2013,DELRAN-DEUTSCH FIELD,,
05/19/2024,13:15,14354243,,GotSport,Soccer,U-12,HARRISON SC STRIKERS 2012,BURLINGTON TOWNSHIP SOCCER DRAGONS 2012,HARRISON - William Wilt Soccer Complex,,
05/19/2024,13:15,14354357,,GotSport,Soccer,U-10,MOORESTOWN SC GUARDIANS 2014,FRANKLIN TOWNSHIP YOUTH SOCCER ASSOCIATION STORM 2014,MOORESTOWN - MEMORIAL FIELDS,,
05/19/2024,13:15,14353704,,GotSport,Soccer,U-8,HADDONFIELD SC FIRE 2016 B,MAINLAND UNITED SA MUSTANGS 2016 B,HADDONFIELD - CROWS WOODS,,
05/19/2024,13:15,14354222,,GotSport,Soccer,U-12,MAINLAND UNITED SA STANGS 2012,HADDONFIELD BLACK 2012,MAINLAND - MEMORIAL PARK,,
05/19/2024,13:30,14353905,,GotSport,Soccer,U-12,CHERRY HILL FC 2012 JUNIORS BLACK,CLAYTON SA 2012 CLIPPERS,CHFC - DeCOU,,
05/19/2024,13:30,14352910,,GotSport,Soccer,U-14,MOUNT LAUREL UNITED (MLU) FORCE 2010,CAPE EXPRESS CE 2010 BLUE CRUSH,MLU-LENAPE HS TURF FIELD,,
05/19/2024,13:30,14352703,,GotSport,Soccer,U-8,TBAA KNIGHTS 2016,MEDFORD SC COLUMBIA 2016,TBAA-VALLEY BROOK,,
05/19/2024,13:30,14355152,,GotSport,Soccer,U-10,HARRISON STRIKERS 2014,WOODSTOWN WOLFPACK 2014,HARRISON - William Wilt Soccer Complex,,
05/19/2024,13:30,14354268,,GotSport,Soccer,U-12,SWEDESBORO WOOLWICH SOCCER ASSOC. SWSA CYCLONES 2012/2013,WASHINGTON TWP SOCCER CLUB LIGHTNING 2012,SW-Locke Avenue Park,,
05/19/2024,13:30,14354187,,GotSport,Soccer,U-19,WINSLOW WOLVES 2006,HIGHLAND YOUTH SOCCER CLUB THRASHERS 2006,WINSLOW TWP - PETER VOLPA,,
05/19/2024,13:30,14353756,,GotSport,Soccer,U-10,EGG HARBOR SC EAGLES 2014 BLACK,MONROE TOWNSHIP YS UNITED 2014,EGG HARBOR - BARGAINTOWN,,
05/19/2024,13:30,14355030,,GotSport,Soccer,U-11,PITMAN SA TOMCATS 2013,PENNSVILLE SOCCER ASSOCIATION EAGLES 2013,TBA,,
05/19/2024,13:40,14353966,,GotSport,Soccer,U-15,MILLVILLE RAPTORS 2009,TBAA STORM 2009,MILLVILLE SOCCER COMPLEX,,
05/19/2024,13:45,14352621,,GotSport,Soccer,U-8,CHERRY HILL SC CHERRY HILL SC 72S (2016) - BOYS,MOORESTOWN SC THUNDER STRIKERS 2016,CHSC - UPPER CHAPEL TURF,,
05/19/2024,13:45,14352780,,GotSport,Soccer,U-15,CHERRY HILL SC FORCE 2009,HAMMONTON YSA HAMMONTON HEAT 2009,CHSC - CH WEST HS,,
05/19/2024,14:00,14353247,,GotSport,Soccer,U-8,CAPE EXPRESS - CE NOR'EASTERS 2016,MONROE UNITED 2016 BOYS,CAPE EX SOCCER COMPLEX At Ockie Wisting,,
05/19/2024,14:00,14353107,,GotSport,Soccer,U-11,PITTSGROVE SOCCER CLUB PSC PYTHONS '13,NORTHERN BURLINGTON SA BLUE DEVILS II 2014,PITTSGROVE-GREEN BRANCH,,
05/19/2024,14:00,14354841,,GotSport,Soccer,U-12,WEST DEPTFORD SC UNION 2012,HADDONFIELD SC WHITE 2012,W DEPTFORD-WD PARK,,
05/19/2024,14:00,14354875,,GotSport,Soccer,U-9,SWEDESBORO WOOLWICH SOCCER ASSOC. SWSA GUNNERS 2015,BURLINGTON TOWNSHIP SOCCER PHOENIX 2015,SW-Locke Avenue Park,,
05/19/2024,14:00,14353045,,GotSport,Soccer,U-10,CINNAMINSON SC CHARGERS 2014,ATLANTIC UNITED PREMIER KICKERS 2014 B,CINNAMINSON SC - MEMORIAL,,
05/19/2024,14:00,14352789,,GotSport,Soccer,U-15,DEPTFORD AVENGERS 2009,NORTHERN BURLINGTON SA BULLDOGS 2009,DEPTFORD SC,,
05/19/2024,14:00,14354972,,GotSport,Soccer,U-13,MANTUA TOWNSHIP SA FURY 2012,PALMYRA RIVERTON SC WARRIORS 2011,MANTUA TWP,,
05/19/2024,14:00,14353173,,GotSport,Soccer,U-12,HIGHLAND YOUTH SOCCER CLUB FORCE 2012,VOORHEES SA FORCE 2012,HIGHLAND - GLOUCESTER TWP PARK,,
05/19/2024,14:00,14353199,,GotSport,Soccer,U-13,GATEWAY UNITED SOCCER CLUB WILDCATS 2011,CHERRY HILL SC CHERRY HILL SC FUSION (2011) - BOYS,GATEWAY UTD. - WESTVILLE,,
05/19/2024,14:00,14352749,,GotSport,Soccer,U-10,PALMYRA RIVERTON SC TORNADOES 2014,RANCOCAS VALLEY SC '14 - FOREST,TBA,,
05/19/2024,14:00,14352622,,GotSport,Soccer,U-8,TAR-KILL SOCCER CLUB TARKILL 2016 BOYS,BORDENTOWN FC REVOLUTION 2016,TARKILL-STERLING HS,,
05/19/2024,14:00,14353986,,GotSport,Soccer,U-9,HADDON HEIGHTS SC 2015 CHEETAHS,WEST DEPTFORD SC ANIMALS 2015,HADD HGTS - DEVON,,
05/19/2024,14:00,14354384,,GotSport,Soccer,U-11,MILLVILLE REBELS 2013,HADDONFIELD SC WHITE 2013,MILLVILLE SOCCER COMPLEX,,
05/19/2024,14:00,14354766,,GotSport,Soccer,U-13,MONROE TOWNSHIP YS UNITED BOYS 2011 BLUE,CHERRY HILL SC ROYALS 2012,MONROE TWP - CORKERY LANE,,
05/19/2024,14:00,14354456,,GotSport,Soccer,U-9,MEDFORD STRIKERS 2015 BOYS,HADDONFIELD SC RED 2015 B,MEDFORD STRIKERS - ARK ROAD COMPLEX,,
05/19/2024,14:00,14354571,,GotSport,Soccer,U-11,EAST GREENWICH SA EGSA PANTHERS 2013,WINSLOW SHARKS 2013,E GREENWICH - THOMPSON FAMILY PARK,,
05/19/2024,14:00,14355124,,GotSport,Soccer,U-10,EAST GREENWICH SA EGSA STARS 2014,HARRISON WAVE 2014,E GREENWICH - THOMPSON FAMILY PARK,,
05/19/2024,14:00,14354624,,GotSport,Soccer,U-14,TBAA DYNAMO 2010,PITMAN SA PUMAS 2010,TBAA-VALLEY BROOK,,
05/19/2024,14:00,14354178,,GotSport,Soccer,U-17,WASHINGTON TWP SOCCER CLUB SPARTANS 2007,MAINLAND UNITED SA H.S. BOYS UNITED 2007,WASHINGTON TWP-WASH LAKE PARK,,
05/19/2024,14:00,14353621,,GotSport,Soccer,U-11,MOUNT LAUREL UNITED (MLU) LIGHTNING 2014,WEST DEPTFORD WIZARDS 2013,MLU-TROTTERS,,
05/19/2024,14:00,14353422,,GotSport,Soccer,U-9,CHERRY HILL FC 2015 JUNIOR BLACK,DELRAN FC COBRAS 2015,CHFC - DeCOU,,
05/19/2024,14:00,14353651,,GotSport,Soccer,U-8,CINNAMINSON SC TITANS 2016,MOORESTOWN SC PANTHERS 2016,CINNAMINSON SC - MEMORIAL,,
05/19/2024,14:15,14354151,,GotSport,Soccer,U-12,DEPTFORD THUNDER 2012,SENECA UNITED SC 2012 PRIDE,DEPTFORD SC,,
05/19/2024,14:30,14353923,,GotSport,Soccer,U-12,CINNAMINSON SC WARRIORS 2012,MILLVILLE LYNX 2012,CINNAMINSON SC - MEMORIAL,,
05/19/2024,14:30,14353108,,GotSport,Soccer,U-11,NORTHERN BURLINGTON SA BLUE DEVILS II 2014,EAST GREENWICH SA EGSA DYNAMO 2013,NB Georgetown Park,,
05/19/2024,14:30,14353636,,GotSport,Soccer,U-8,HADDONFIELD SC REBELS 2016 B,WEST DEPTFORD SC WILDCATS 2016,HADDONFIELD - CROWS WOODS,,
05/19/2024,14:30,14354843,,GotSport,Soccer,U-12,HARRISON WILDCATS 2012,TAR-KILL SOCCER CLUB TARKILL BARCELONA 2012,HARRISON - William Wilt Soccer Complex,,
05/19/2024,14:30,14354732,,GotSport,Soccer,U-9,DEPTFORD LIGHTNING 2015,PITTSGROVE SOCCER CLUB PSC GALAXY '15,DEPTFORD SC,,
05/19/2024,14:30,14353823,,GotSport,Soccer,U-10,MOUNT LAUREL UNITED (MLU) MLU THUNDER,PENNSAUKEN YOUTH SOCCER CLUB AVENGERS 2014,MLU-TROTTERS,,
05/19/2024,14:30,14353696,,GotSport,Soccer,U-8,MOORESTOWN SC WOLFPACK 2016,WASHINGTON TWP SOCCER CLUB THUNDER 2016,MOORESTOWN - MEMORIAL FIELDS,,
05/19/2024,14:30,14354377,,GotSport,Soccer,U-11,MAINLAND UNITED SA STANGS 2013 B,HADDONFIELD SC WHITE 2013,MAINLAND - MEMORIAL PARK,,
05/19/2024,14:30,14353229,,GotSport,Soccer,U-9,VINELAND LIVERPOOL 2015,MONROE TOWNSHIP YS UNITED BOYS 2015,VINELAND SA,,
05/19/2024,14:45,14353575,,GotSport,Soccer,U-10,TBAA OUTLAWS 2014,CAPE EXPRESS CE ENGINEERS 2014,TBAA-VALLEY BROOK,,
05/19/2024,14:45,14354738,,GotSport,Soccer,U-10,EGG HARBOR SC EAGLES 2014 WHITE,MEDFORD SC GOLD 2014,EGG HARBOR - BARGAINTOWN,,
05/19/2024,15:00,14354136,,GotSport,Soccer,U-12,SOUTH HARRISON TOWNSHIP SOCCER CLUB STRIKERS 2012,CHERRY HILL SC CHERRY HILL SC BULL DOGS 2012,SOUTH HARRISON - STEWART,,
05/19/2024,15:00,14353210,,GotSport,Soccer,U-13,DELRAN FC BLAST 2011,WASHINGTON TWP SOCCER CLUB REGULATORS 2011,DELRAN-DEUTSCH FIELD,,
05/19/2024,15:00,14353847,,GotSport,Soccer,U-9,HARRISON STRIKERS 2015,MOUNT LAUREL UNITED (MLU) MLU KNIGHTS 2015 BOYS,HARRISON - William Wilt Soccer Complex,,
05/19/2024,15:00,14354131,,GotSport,Soccer,U-13,CHERRY HILL FC 2011 JUNIORS BLACK,EGG HARBOR SC EAGLES WHITE 2012,CHFC - DeCOU,,
05/19/2024,15:15,14353292,,GotSport,Soccer,U-13,WINSLOW WILDCATS 2011,VOORHEES SA BLUES 2011,WINSLOW TWP - PETER VOLPA,,
05/19/2024,15:20,14354018,,GotSport,Soccer,U-16,MILLVILLE PHANTOMS,BURLINGTON TOWNSHIP SOCCER STORM 2008,MILLVILLE SOCCER COMPLEX,,
05/19/2024,15:30,14354434,,GotSport,Soccer,U-13,MEDFORD SC RENEGADES 2011,DEPTFORD BLAZE 2011,MEDFORD - BENDE PARK,,
05/19/2024,15:30,14353856,,GotSport,Soccer,U-9,HADDON TWP WHITE HAWKS 2015,EAST GREENWICH SA EGSA BLACK KNIGHTS 2015,HADDON TWP - CRYSTAL LAKE,,
05/19/2024,15:30,14355016,,GotSport,Soccer,U-13,WOODBURY SOCCER CLUB WOODBURY ARMORY 2011,WOODSTOWN FURY 2011,WOODBURY,,
05/19/2024,15:30,14353023,,GotSport,Soccer,U-12,DEPTFORD VENOM 2012,MARLTON SC CHIEFS WHITE 2012,DEPTFORD SC,,
05/19/2024,15:30,14354671,,GotSport,Soccer,U-14,AUDUBON SOCCER YOUTH UNITED 2010,EDGEWATER PARK ATHLETIC ASSOCIATION EP WIZARDS 2010,TBA,,
05/19/2024,15:30,14354678,,GotSport,Soccer,U-11,BARRINGTON SC REVOLUTION 2013,HADDON TWP WHITE HAWKS 2013,TBA,,
05/19/2024,15:30,14355031,,GotSport,Soccer,U-11,MOUNT LAUREL UNITED (MLU) GALAXY 2013,MOORESTOWN SC MAMBAS 2013,MLU-TROTTERS,,
05/19/2024,15:30,14354767,,GotSport,Soccer,U-13,WEST DEPTFORD SC WOLFPACK 2011,BURLINGTON TOWNSHIP SOCCER REBELS 2011,W DEPTFORD-WD PARK,,
05/19/2024,15:30,14354665,,GotSport,Soccer,U-14,GATEWAY UNITED SOCCER CLUB JAGUARS 2010,WOODSTOWN WOLVERINES 2010,GATEWAY UTD. - WESTVILLE,,
05/19/2024,15:30,14354376,,GotSport,Soccer,U-11,BURLINGTON COUNTY SOCCER ACADEMY DEL-SIDE SC 2013B,GATEWAY UNITED SOCCER CLUB SHARKS 2013,BURLINGTON COUNTY SA - Delanco Field of Dreams,,
05/19/2024,15:30,14354713,,GotSport,Soccer,U-9,MILLVILLE WARRIORS 2015,MEDFORD SC GOLD 2015,MILLVILLE SOCCER COMPLEX,,
05/19/2024,15:30,14353599,,GotSport,Soccer,U-13,MONROE TOWNSHIP YS UNITED WHITE 2011,MOUNT LAUREL UNITED (MLU) HAWKS 2012,MONROE TWP - CORKERY LANE,,
05/19/2024,15:30,14353593,,GotSport,Soccer,U-13,TBAA TITANS 2011,MARLTON SC CHIEFS ORANGE 2012,TBAA-VALLEY BROOK,,
05/19/2024,15:30,14353855,,GotSport,Soccer,U-9,SWEDESBORO WOOLWICH SOCCER ASSOC. SWSA STRIKERS 2015,WASHINGTON UNITED 2015 BOYS,SW-Locke Avenue Park,,
05/19/2024,15:30,14354801,,GotSport,Soccer,U-11,MANTUA TOWNSHIP SA WOLVES 2013,HADDONFIELD SC BLACK 2013,MANTUA TWP,,
05/19/2024,15:30,14353627,,GotSport,Soccer,U-11,SJ FUTBOL CLUB SJFC FLYERS 2014 (ELITE),HADDON TWP RED HAWKS 2014,SJFC - UPPER DEERFIELD RECREATION COMPLEX,,
05/19/2024,15:30,14353759,,GotSport,Soccer,U-10,EAST GREENWICH SA EGSA TITANS 2014,SWEDESBORO WOOLWICH SOCCER ASSOC. SWSA DRAGONS 2014,E GREENWICH - THOMPSON FAMILY PARK,,
05/19/2024,15:30,14352726,,GotSport,Soccer,U-9,CINNAMINSON SC RAPTORS 2015,UPPER TOWNSHIP SA SUPER SONICS 2015,CINNAMINSON SC - MEMORIAL,,
05/19/2024,15:30,14352734,,GotSport,Soccer,U-9,CAPE EXPRESS CE SILVER STREAK 2015,RANCOCAS VALLEY SC BOYS STEALTH 2015,CAPE EX SOCCER COMPLEX At Ockie Wisting,,
05/19/2024,15:40,14354515,,GotSport,Soccer,U-15,DEPTFORD REBELS 2009,HADDONFIELD SC RED 2009,DEPTFORD SC,,
05/19/2024,15:45,14352667,,GotSport,Soccer,U-11,CINNAMINSON SC STRIKERS 2013,VINELAND TERMINATORS 2014,CINNAMINSON SC - MEMORIAL,,
05/19/2024,15:45,14352868,,GotSport,Soccer,U-11,PENNSAUKEN YOUTH SOCCER CLUB REBELS 2013,MONROE TOWNSHIP YS UNITED BOYS 2013 BLUE,Pennsauken Community Recreation Facility,,
05/19/2024,15:45,14354763,,GotSport,Soccer,U-10,HADDONFIELD SC BLACK 2014,PITTSGROVE SOCCER CLUB PSC MAVERICKS '14,HADDONFIELD - CROWS WOODS,,
05/19/2024,15:45,14353366,,GotSport,Soccer,U-11,WASHINGTON TWP SOCCER CLUB DAREDEVILS 2013,MOORESTOWN SC RAPTORS 2013,WASHINGTON TWP-WASH LAKE PARK,,
05/19/2024,15:45,14354301,,GotSport,Soccer,U-11,MAINLAND UNITED SA MUSTANGS 2013 B,CHERRY HILL SC CHERRY HILL SC UNITED 2014,MAINLAND - MEMORIAL PARK,,
05/19/2024,16:00,14353501,,GotSport,Soccer,U-8,HADDON HEIGHTS SC 2016 RUCKUS,GATEWAY UNITED SOCCER CLUB 2016 GUSC BLUES,HADD HGTS - DEVON,,
05/19/2024,16:00,14354866,,GotSport,Soccer,U-9,MOUNT LAUREL UNITED (MLU) SHARKS 2015,CHERRY HILL FC 2015/2016 CHFC JUNIOR WHITE,MLU-TROTTERS,,
05/19/2024,16:15,14353517,,GotSport,Soccer,U-8,LOGAN APOLLO 2016,PITMAN SA BOBCATS 2016,LOGAN - TWP LINE,,
05/19/2024,16:30,14352823,,GotSport,Soccer,U-13,CHERRY HILL FC AVENGERS 2011,MOORESTOWN SC BLACK KNIGHTS 2011,CHFC - DeCOU,,
05/19/2024,17:00,14354636,,GotSport,Soccer,U-14,MILLVILLE VENOM 2010,HADDONFIELD SC WHITE 2010,MILLVILLE SOCCER COMPLEX,,
05/19/2024,19:00,14354417,,GotSport,Soccer,U-13,CHERRY HILL SC CHAOS 2011,DEPTFORD BLAZE 2011,CHSC - UPPER CHAPEL TURF,,
05/20/2024,18:30,14352637,,GotSport,Soccer,U-11,WASHINGTON UNITED SOCCER CLUB WUSC 2013,CHERRY HILL FC 2013 DEVILS,WASHINGTON TWP. - Levy Fields (Virtua),,
05/21/2024,18:30,14353120,,GotSport,Soccer,U-11,NORTHERN BURLINGTON SA GUNNERS 2013,MEDFORD STRIKERS 2013 BOYS,NB Georgetown Park,,
05/21/2024,19:00,14352814,,GotSport,Soccer,U-13,SWEDESBORO WOOLWICH SOCCER ASSOC. SWSA BLACK MAMBAS 2011,CHERRY HILL FC AVENGERS 2011,SW-Locke Avenue Park,,
05/21/2024,19:15,14352801,,GotSport,Soccer,U-13,MOORESTOWN SC BLACK KNIGHTS 2011,CINNAMINSON SC VIPERS 2011,MOORESTOWN - SALEM RD/PRYOR PARK,,
05/28/2024,18:30,14353116,,GotSport,Soccer,U-11,MEDFORD STRIKERS 2013 BOYS,DELRAN FC SOCCER DELRAN FC 2013 UNITED,MEDFORD STRIKERS - ARK ROAD COMPLEX,,
06/05/2024,18:30,14354452,,GotSport,Soccer,U-14,DEPTFORD DEMONS 2010,BURLINGTON TOWNSHIP SOCCER CELTIC 2010,DEPTFORD SC,,
